fecha,tmax,tmin,precip_mm,humedad_%,viento_kph,camas_habilitadas_planta,camas_habilitadas_uci,hosp_fract_cadera,hosp_insuf_card,hosp_infarto_miorardio,hosp_ictus,hosp_epoc,hospital_Complejo Asistencial Universitario de Burgos,hospital_Complejo Asistencial Universitario de León,hospital_Complejo Asistencial Universitario de Palencia,hospital_Complejo Asistencial Universitario de Salamanca,hospital_Complejo Asistencial de Segovia,hospital_Complejo Asistencial de Soria,hospital_Complejo Asistencial de Zamora,hospital_Complejo Asistencial de Ávila,hospital_Hospital Clínico Universitario de Valladolid,hospital_Hospital El Bierzo,hospital_Hospital Santiago Apóstol,hospital_Hospital Santos Reyes,hospital_Hospital Universitario Río Hortega,provincia_Burgos,provincia_León,provincia_Palencia,provincia_Salamanca,provincia_Segovia,provincia_Soria,provincia_Valladolid,provincia_Zamora,provincia_Ávila,camas_iniciales_planta,camas_iniciales_uci,pred_camas_total,error_simulado,hospital,provincia
2025-06-01,27.10692783461039,12.593812286424779,2.936375334621127,79.03474271508419,10.488020299934917,557.8717687402178,41.420566320514254,8.812611619230774,23.243238686259097,5.800038146521867,8.641380065775833,9.17398288601184,0,0,0,0,0,0,0,0,0,0,0,0,0,0,0,0,0,0,0,0,0,0,365.0,16.0,444.0566666666667,-36.90821119030641,hospital_Complejo Asistencial Universitario de León,provincia_Salamanca
2025-06-02,5.806594925261624,10.030120437862925,4.220411832957351,75.08037954375688,10.785240312688225,552.0603683973425,40.221296886192185,5.409311937706131,0.0,1.5048542129739184,10.21813979647988,0.0,0,0,0,0,0,0,0,0,0,0,0,0,0,0,0,0,0,0,0,0,0,0,365.0,16.0,460.29,-49.354730671726024,hospital_Hospital Universitario Río Hortega,provincia_Valladolid
2025-06-03,17.512148862415422,4.372227528140332,11.493130087087003,59.31541900611498,10.544754095525185,544.8033288656045,40.85789336300417,7.345376965075988,24.18664645672901,2.061219255163756,20.80686007782698,9.320446275384842,0,0,0,0,0,0,0,0,0,0,0,0,0,0,0,0,0,0,0,0,0,0,365.0,16.0,484.93333333333334,21.01335880612422,hospital_Complejo Asistencial Universitario de Salamanca,provincia_Palencia
2025-06-04,12.970013299187817,18.07631197811979,7.060639096296412,73.16594290891005,18.145322256873133,526.412439789251,41.257781986502614,6.955284084242032,21.651081217307148,12.328989677858598,13.719478683874641,9.233225841186712,0,0,0,0,0,0,0,0,0,0,0,0,0,0,0,0,0,0,0,0,0,0,365.0,16.0,461.0366666666667,2.2870839455097407,hospital_Complejo Asistencial de Zamora,provincia_Palencia
2025-06-05,22.616792252619106,7.233866076983292,0.0,47.81490651861208,14.027613607703367,546.5426831429548,41.598557230685394,0.6543369128418917,8.57774537054292,2.034273147005414,12.88911842877635,5.742652748856525,0,0,0,0,0,0,0,0,0,0,0,0,0,0,0,0,0,0,0,0,0,0,365.0,16.0,437.55333333333334,7.922315840707764,hospital_Hospital Universitario Río Hortega,provincia_Soria
2025-06-06,14.227848408544356,10.441979223464077,3.178013182749801,64.79381911193762,7.214877151230171,545.7679051262395,41.62948656259758,3.9239421252412914,7.752007438842854,8.985770486956849,6.726261511191503,5.194819087747412,0,0,0,0,0,0,0,0,0,0,0,0,0,0,0,0,0,0,0,0,0,0,365.0,16.0,448.00666666666666,-33.260555394344884,hospital_Complejo Asistencial Universitario de León,provincia_Palencia
2025-06-07,20.43749860218317,8.767190046274127,0.0,68.38739441372655,24.56428547773114,532.7953989899338,38.97785171483021,4.416868911530747,49.25686980840237,0.43138447846118666,16.714313319988698,3.912916423285629,0,0,0,0,0,0,0,0,0,0,0,0,0,0,0,0,0,0,0,0,0,0,365.0,16.0,474.1,10.007951220076261,hospital_Hospital Clínico Universitario de Valladolid,provincia_Salamanca
2025-06-08,18.284095435905243,5.187569111791261,6.816539295287539,38.13422841766695,13.747579535939071,527.3423423156667,40.944057726060855,4.98811245570716,31.88495591677936,1.4985539101606702,1.187057598731517,3.8157098281052653,0,0,0,0,0,0,0,0,0,0,0,0,0,0,0,0,0,0,0,0,0,0,365.0,16.0,441.44666666666666,8.930264216490505,hospital_Complejo Asistencial Universitario de Salamanca,provincia_Zamora
2025-06-09,19.744746138640494,10.102081509997518,0.0,78.67562762955596,15.765157204390865,537.2541810702887,41.870760222433695,0.0,12.486447406031857,1.2755459213122782,7.458596161056169,3.4496367362948437,0,0,0,0,0,0,0,0,0,0,0,0,0,0,0,0,0,0,0,0,0,0,365.0,16.0,434.6333333333333,4.483295929876729,hospital_Hospital El Bierzo,provincia_Salamanca
2025-06-10,35.16772469148929,12.174820900744297,2.145327205342191,89.97357653369923,16.971443593503345,536.2287004020212,40.972891078889,4.192122964488616,13.436539853095978,7.248901727641978,9.547444698474184,5.243049675851766,0,0,0,0,0,0,0,0,0,0,0,0,0,0,0,0,0,0,0,0,0,0,365.0,16.0,444.05333333333334,-27.16568202412684,hospital_Complejo Asistencial de Ávila,provincia_Salamanca
2025-06-11,15.7498103715211,17.35176401210791,1.5694325775587332,73.58504687016527,12.60670283967627,537.4922585982116,40.35973830458858,3.1824115342064054,25.087837889378022,8.416524819503142,10.55407635471197,9.438875140875682,0,0,0,0,0,0,0,0,0,0,0,0,0,0,0,0,0,0,0,0,0,0,365.0,16.0,466.14,11.546495835906791,hospital_Complejo Asistencial Universitario de León,provincia_Segovia
2025-06-12,4.021470126883306,4.008312006697846,0.0,99.0,8.125604207941851,529.4839443942093,40.50609443720494,6.460100099230983,19.85266289625367,7.035639111722401,14.825490985861398,14.385422006205891,0,0,0,0,0,0,0,0,0,0,0,0,0,0,0,0,0,0,0,0,0,0,365.0,16.0,468.62666666666667,16.715822034640635,hospital_Hospital Clínico Universitario de Valladolid,provincia_León
2025-06-13,19.549044249656035,5.5514426527787,3.032654262356977,40.33940446810418,16.896844507240964,545.3608200814489,41.38063284357036,8.038242846654388,21.17169401142634,5.106979956848732,25.96694557107921,0.0,0,0,0,0,0,0,0,0,0,0,0,0,0,0,0,0,0,0,0,0,0,0,365.0,16.0,469.96666666666664,-40.90627321949819,hospital_Hospital Universitario Río Hortega,provincia_Ávila
2025-06-14,32.66046631706907,11.070824836618996,0.0,62.33503179864462,21.825874255789913,520.8686447669834,41.095940675971804,0.0,20.76454624377707,7.179642780332632,5.154202515780319,5.951004433864551,0,0,0,0,0,0,0,0,0,0,0,0,0,0,0,0,0,0,0,0,0,0,365.0,16.0,426.0466666666667,24.70818455529871,hospital_Complejo Asistencial Universitario de Palencia,provincia_Palencia
2025-06-15,25.869529487406414,14.536854212968677,0.4265882535917207,48.373785474027386,6.915152562052124,537.5642227740183,41.20162627146047,7.281215110195934,18.215552434740978,9.283854384548352,13.193787972090602,13.162287784717353,0,0,0,0,0,0,0,0,0,0,0,0,0,0,0,0,0,0,0,0,0,0,365.0,16.0,469.6766666666667,-24.015688103005772,hospital_Hospital El Bierzo,provincia_Salamanca
2025-06-16,16.177893684037965,9.91380904069232,0.0,62.52715835342377,18.039630686048035,551.0814275265769,40.01972064748053,2.011400248604382,16.688714232748982,0.0,21.703129673525105,18.98046665990429,0,0,0,0,0,0,0,0,0,0,0,0,0,0,0,0,0,0,0,0,0,0,365.0,16.0,482.63666666666666,29.33247415571325,hospital_Hospital Santiago Apóstol,provincia_Ávila
2025-06-17,29.77521270912328,7.752758344310262,0.14336597030412412,73.04509242255774,10.614569099188829,544.5644241908293,41.9175723432905,8.124276384539016,26.30351158296942,0.0,12.464009329071501,18.230994932130265,0,0,0,0,0,0,0,0,0,0,0,0,0,0,0,0,0,0,0,0,0,0,365.0,16.0,478.61,18.072633512327826,hospital_Hospital El Bierzo,provincia_Burgos
2025-06-18,13.804385662906146,-0.5245581020525236,0.0,60.381573563453486,14.1908838195113,533.2584041730103,40.32715090574632,6.476204583956503,23.828514747275005,0.0,8.640806386991994,10.409467457291335,0,0,0,0,0,0,0,0,0,0,0,0,0,0,0,0,0,0,0,0,0,0,365.0,16.0,468.3333333333333,-21.269306401021243,hospital_Complejo Asistencial Universitario de León,provincia_Soria
2025-06-19,17.96037865308652,3.4962380529719574,2.3077889872237205,85.96276641768446,16.201751716686587,535.8043294657338,41.8111771861186,3.9644123643887488,30.249502336510993,7.269540922011607,2.170905703841938,7.649090366496692,0,0,0,0,0,0,0,0,0,0,0,0,0,0,0,0,0,0,0,0,0,0,365.0,16.0,463.45,-25.493111529983196,hospital_Complejo Asistencial de Zamora,provincia_Salamanca
2025-06-20,34.23077056064235,7.029088144856798,0.0,71.22116943927543,5.327428874387517,556.8115703928706,41.5959868204055,1.836664021721719,23.02062836463543,1.9045516030284286,21.799441858642773,13.346108374366718,0,0,0,0,0,0,0,0,0,0,0,0,0,0,0,0,0,0,0,0,0,0,365.0,16.0,478.83666666666664,-21.638330849196496,hospital_Complejo Asistencial de Segovia,provincia_Valladolid
2025-06-21,18.56582304651712,11.93342578361026,1.9025320068891747,61.33254046113559,10.130773069457547,534.673401843576,40.784060542538064,4.665434888257273,16.01468246172705,0.0,12.149030509466463,9.98111497316056,0,0,0,0,0,0,0,0,0,0,0,0,0,0,0,0,0,0,0,0,0,0,365.0,16.0,454.1066666666667,25.130805345405424,hospital_Hospital Universitario Río Hortega,provincia_Zamora
2025-06-22,11.487085314793138,13.414930641028512,6.32860519413582,59.85287440369659,9.756387382055012,540.2145288193177,39.99547049580544,0.0,16.054169097806913,4.778310166434802,0.7848054243962448,9.471341259847105,0,0,0,0,0,0,0,0,0,0,0,0,0,0,0,0,0,0,0,0,0,0,365.0,16.0,439.49,10.578443916927212,hospital_Hospital Santos Reyes,provincia_Salamanca
2025-06-23,25.179038685819936,20.946125791672593,0.0,76.67446195603927,11.675027024185402,552.3243212280518,41.148252743978745,11.212368818689779,11.107140267763015,5.271460664506584,8.256507282289888,7.211565671812846,0,0,0,0,0,0,0,0,0,0,0,0,0,0,0,0,0,0,0,0,0,0,365.0,16.0,444.34,5.5712874563764005,hospital_Complejo Asistencial de Zamora,provincia_Soria
2025-06-24,20.35616171315836,6.615514553773935,0.0,90.30858746250843,8.859521732560077,547.5949883424686,40.63304328452246,7.650203423222261,0.0,9.727979277114684,0.0,6.694379181423239,0,0,0,0,0,0,0,0,0,0,0,0,0,0,0,0,0,0,0,0,0,0,365.0,16.0,434.10333333333335,-15.676687290989774,hospital_Complejo Asistencial Universitario de León,provincia_Soria
2025-06-25,12.909702836630224,8.881050291052112,5.775621136814337,80.36030104514838,9.669772107293328,544.9599706076864,41.479072554001206,2.5753658105061032,0.06963758555630761,9.749494801376382,16.516125399621615,2.9761562127225876,0,0,0,0,0,0,0,0,0,0,0,0,0,0,0,0,0,0,0,0,0,0,365.0,16.0,464.3566666666667,-17.627436526491042,hospital_Hospital El Bierzo,provincia_Valladolid
2025-06-26,3.923681719269222,5.39680152673271,0.0,41.158803321193716,9.842459282488324,520.7590415675717,40.50994042489734,4.221744946681097,44.80338626170593,0.8794159036294218,16.648853138562146,4.488441056099361,0,0,0,0,0,0,0,0,0,0,0,0,0,0,0,0,0,0,0,0,0,0,365.0,16.0,458.31666666666666,-48.4859454824715,hospital_Hospital Universitario Río Hortega,provincia_Palencia
2025-06-27,39.63744100657154,11.598895593517227,4.998494026485536,72.92357009714921,9.379842055091611,545.2434241755203,40.584098290644704,4.9517375963358,11.488473699313666,3.1614373788142105,23.04653152410207,9.168032928104765,0,0,0,0,0,0,0,0,0,0,0,0,0,0,0,0,0,0,0,0,0,0,365.0,16.0,474.61,4.778118077650973,hospital_Complejo Asistencial de Zamora,provincia_Zamora
2025-06-28,10.096908136103181,7.454668446145689,12.13349537007884,54.940621898026656,2.0,537.8639862747084,41.652508587531834,3.0866867514431977,24.413801453163945,4.544660553549167,0.0,1.883468710546559,0,0,0,0,0,0,0,0,0,0,0,0,0,0,0,0,0,0,0,0,0,0,365.0,16.0,456.83,-7.359192809658664,hospital_Complejo Asistencial Universitario de Salamanca,provincia_Palencia
2025-06-29,20.847939110377382,13.892688539895534,0.0,80.96527999467489,10.475379164090942,517.6077498381599,41.21146481439885,2.1838946010490603,16.1938063581149,12.64701799385514,5.735246083346018,7.620054958152515,0,0,0,0,0,0,0,0,0,0,0,0,0,0,0,0,0,0,0,0,0,0,365.0,16.0,427.3666666666667,50.324361947852694,hospital_Hospital Universitario Río Hortega,provincia_Soria
2025-06-30,16.7272229539621,11.067758379714554,8.513006024573853,61.29294130278402,22.597866778420332,530.4528185246334,41.249272776696294,3.3341890312323677,31.663455876326708,7.928433272750768,0.0,13.33508977588815,0,0,0,0,0,0,0,0,0,0,0,0,0,0,0,0,0,0,0,0,0,0,365.0,16.0,480.01666666666665,5.979658890085132,hospital_Complejo Asistencial Universitario de Salamanca,provincia_León
2025-07-01,14.645028562035396,12.416561618380499,5.471520870756821,37.19259258905191,17.48858172596139,525.3362615121991,41.102572093842326,3.8382073033998205,22.595509443422152,2.5504813486470725,20.477168190380425,5.716813236601751,0,0,0,0,0,0,0,0,0,0,0,0,0,0,0,0,0,0,0,0,0,0,365.0,16.0,457.93,50.27494033351087,hospital_Complejo Asistencial de Ávila,provincia_Segovia
2025-07-02,38.40462929190923,-1.0170517018834246,0.0,67.21170534055368,17.044993578405172,521.2583563231576,40.30611132210189,2.933915690665662,36.8631819875112,3.323590186021913,15.171726010681208,12.742850804394962,0,0,0,0,0,0,0,0,0,0,0,0,0,0,0,0,0,0,0,0,0,0,365.0,16.0,477.13666666666666,23.83541996503335,hospital_Complejo Asistencial de Zamora,provincia_Segovia
2025-07-03,1.8054114391558294,5.182131885731062,3.795826363704666,76.66871040869361,7.0220562236484785,525.6426999831352,39.994994730472854,4.364904134022724,19.705109639127222,10.244853545095499,6.058587089524105,19.955936766208723,0,0,0,0,0,0,0,0,0,0,0,0,0,0,0,0,0,0,0,0,0,0,365.0,16.0,470.95666666666665,14.43792548265655,hospital_Complejo Asistencial de Soria,provincia_Burgos
2025-07-04,16.17631430484917,15.857345818654238,5.032607520819118,62.5660450571203,19.254204062984968,540.3620835629913,40.398658780056984,7.9019263551566485,14.350170107363757,16.103899386878055,1.432436773294917,19.452548278417392,0,0,0,0,0,0,0,0,0,0,0,0,0,0,0,0,0,0,0,0,0,0,365.0,16.0,444.8433333333333,-21.990771870566746,hospital_Complejo Asistencial Universitario de Palencia,provincia_Salamanca
2025-07-05,14.157279441509964,2.6515656332972055,0.09013124279901841,50.48560601406486,9.715740210888361,543.4046918698642,40.58863437686262,9.651545696606195,29.722341872594438,13.81444371661382,18.109931408128233,23.01025426965043,0,0,0,0,0,0,0,0,0,0,0,0,0,0,0,0,0,0,0,0,0,0,365.0,16.0,500.44666666666666,-11.340724787545513,hospital_Hospital Universitario Río Hortega,provincia_Salamanca
2025-07-06,21.993035063575693,-3.6642363450727675,2.744332712413867,81.97453313846378,14.314522754309593,550.568152549351,41.64783271625034,9.161172366886095,0.0,11.896953519737817,13.036733767619058,0.5335802068323776,0,0,0,0,0,0,0,0,0,0,0,0,0,0,0,0,0,0,0,0,0,0,365.0,16.0,457.1066666666667,27.06572540676833,hospital_Complejo Asistencial Universitario de Salamanca,provincia_Soria
2025-07-07,18.719600402771682,13.482801591511167,0.0,70.42341812637004,12.3570545103674,536.4034091224322,41.71383631639128,4.690728111800102,20.120025758696286,0.0,10.024734286613295,5.095638988207796,0,0,0,0,0,0,0,0,0,0,0,0,0,0,0,0,0,0,0,0,0,0,365.0,16.0,443.19666666666666,-18.194218837724808,hospital_Complejo Asistencial Universitario de Salamanca,provincia_Valladolid
2025-07-08,22.278304297302377,15.147903307444656,0.0,57.327339323867115,9.625823570387109,519.957739164682,42.17563010932116,5.941021298037409,9.633696671394105,7.977161603495053,0.21029922414333058,6.845021596934391,0,0,0,0,0,0,0,0,0,0,0,0,0,0,0,0,0,0,0,0,0,0,365.0,16.0,426.2733333333333,-1.1097670223438936,hospital_Complejo Asistencial de Segovia,provincia_Palencia
2025-07-09,19.264552360729343,9.982175226865106,0.0,71.22653223779034,10.311802755647701,530.5108215218712,41.82386446112202,4.385715628579925,10.67610538830754,0.0,2.781424068593666,5.742947258195396,0,0,0,0,0,0,0,0,0,0,0,0,0,0,0,0,0,0,0,0,0,0,365.0,16.0,419.43666666666667,10.982461706946172,hospital_Complejo Asistencial de Ávila,provincia_Soria
2025-07-10,2.5559970094812883,4.545133907503564,2.991089644238695,62.724695674825924,15.212760607564928,529.0295341502616,39.793891499044484,9.041143639471754,1.0488515776977039,5.931904331907085,16.41299048462,18.13766501175474,0,0,0,0,0,0,0,0,0,0,0,0,0,0,0,0,0,0,0,0,0,0,365.0,16.0,454.1433333333333,-1.4458118191980358,hospital_Hospital Santiago Apóstol,provincia_Zamora
2025-07-11,25.850079332044675,3.3470446195114034,2.9893456830830147,50.05923441025732,14.382593898671107,536.774963571153,41.36829999479744,9.735726026950058,16.22179125831298,0.0,9.510940193415959,12.89183132569761,0,0,0,0,0,0,0,0,0,0,0,0,0,0,0,0,0,0,0,0,0,0,365.0,16.0,447.8,14.145345201195767,hospital_Hospital Clínico Universitario de Valladolid,provincia_Burgos
2025-07-12,23.82038267162231,5.050204864403309,4.109444291832743,67.41424816344336,9.548013801840268,546.7841076612377,41.04800231823845,4.387161152253347,19.899591834028676,9.38644664738923,6.610614697038207,14.972503874060363,0,0,0,0,0,0,0,0,0,0,0,0,0,0,0,0,0,0,0,0,0,0,365.0,16.0,447.6333333333333,25.769580310970277,hospital_Complejo Asistencial de Segovia,provincia_Zamora
2025-07-13,13.927748450810352,21.291996103796418,0.0,39.73307815113628,18.6049712662185,543.6503010976287,40.3921444192,12.105871159269851,18.3311906807132,8.990332552543506,11.965785384661373,9.64476803109547,0,0,0,0,0,0,0,0,0,0,0,0,0,0,0,0,0,0,0,0,0,0,365.0,16.0,455.51666666666665,-2.9546003201037334,hospital_Hospital El Bierzo,provincia_Salamanca
2025-07-14,32.781893199829256,9.950302718269768,6.373256465127688,63.888472227613704,24.70477256483442,555.3320737835461,41.7603595331464,4.438089677046168,6.407582195320643,5.263483183757004,14.569882805543763,5.895146966285214,0,0,0,0,0,0,0,0,0,0,0,0,0,0,0,0,0,0,0,0,0,0,365.0,16.0,442.36333333333334,-28.02909981951904,hospital_Complejo Asistencial de Ávila,provincia_Burgos
2025-07-15,18.695962040586906,-3.5181812825863474,2.3408806707584477,48.944529886100725,2.5445705610394533,551.728158555892,40.109453549639724,10.258731863768627,45.71002602816293,0.0,1.2442432795764766,2.9001207389417285,0,0,0,0,0,0,0,0,0,0,0,0,0,0,0,0,0,0,0,0,0,0,365.0,16.0,465.79,-19.717348427599802,hospital_Complejo Asistencial Universitario de Burgos,provincia_Salamanca
2025-07-16,12.653666764641606,6.069349203621083,0.0,43.27819148191496,22.494040959342342,533.3633603908839,41.47216749335462,5.232017586201523,18.22506086894903,7.069705442631419,0.0,15.077332170660469,0,0,0,0,0,0,0,0,0,0,0,0,0,0,0,0,0,0,0,0,0,0,365.0,16.0,449.76666666666665,-3.276618696671825,hospital_Complejo Asistencial Universitario de Salamanca,provincia_Zamora
2025-07-17,10.465760087213484,15.657019714375558,0.0,59.96380460607477,2.0,560.0150961195269,40.76770035482987,3.01409387966942,19.170266663999907,6.120176378081037,26.612057333154134,0.0,0,0,0,0,0,0,0,0,0,0,0,0,0,0,0,0,0,0,0,0,0,0,365.0,16.0,459.30333333333334,-81.71310501824198,hospital_Complejo Asistencial Universitario de León,provincia_Segovia
2025-07-18,14.948427740746075,16.76210439190404,0.0,42.298988360265746,9.495431124701657,555.0827254375132,40.47838312861783,8.727806669533177,24.809847986739108,0.0,20.47645559757336,15.163814806124291,0,0,0,0,0,0,0,0,0,0,0,0,0,0,0,0,0,0,0,0,0,0,365.0,16.0,487.16,-56.6900450263224,hospital_Hospital Santos Reyes,provincia_Burgos
2025-07-19,14.821339091580137,10.601116954771351,7.557548211139989,63.09526638493513,4.740996976026268,537.1217346309653,40.6285304659734,9.115601215148512,9.665562109711805,0.0,11.762689906200299,9.661841018754513,0,0,0,0,0,0,0,0,0,0,0,0,0,0,0,0,0,0,0,0,0,0,365.0,16.0,460.57666666666665,-5.007159556462513,hospital_Complejo Asistencial de Segovia,provincia_Valladolid
2025-07-20,18.066526397471304,5.892258327562922,3.0069733992189525,51.72617465220044,3.48449478025476,524.3087931077056,40.165495777100816,6.312319654646015,23.41075400126875,13.493080389724529,8.942001822737536,8.687754078440669,0,0,0,0,0,0,0,0,0,0,0,0,0,0,0,0,0,0,0,0,0,0,365.0,16.0,454.5566666666667,18.50239208238176,hospital_Hospital Clínico Universitario de Valladolid,provincia_Palencia
2025-07-21,1.1703215742880957,11.843121754213966,6.850101269943131,74.318149247648,4.709063365044176,511.315845507352,41.508310143304016,2.6425841665332928,20.45469219709023,6.366578891727445,8.290213906868663,4.509109924461503,0,0,0,0,0,0,0,0,0,0,0,0,0,0,0,0,0,0,0,0,0,0,365.0,16.0,446.7033333333333,-20.614115919540282,hospital_Complejo Asistencial Universitario de León,provincia_Segovia
2025-07-22,21.786690062270306,8.5462767663367,4.433725836061457,56.58139874716084,24.62878398764047,546.1433950320818,42.24667996377219,6.203037647959917,16.39790733546364,4.978269971236141,16.66828265553769,21.79380570558122,0,0,0,0,0,0,0,0,0,0,0,0,0,0,0,0,0,0,0,0,0,0,365.0,16.0,492.06333333333333,17.237227023105035,hospital_Complejo Asistencial de Segovia,provincia_León
2025-07-23,28.480022119561674,7.54322950181108,0.0,94.47079055646715,2.0,529.8325861296538,40.11963171585595,8.320465910360422,11.566646828786547,0.0,13.378108520885565,15.30671427915549,0,0,0,0,0,0,0,0,0,0,0,0,0,0,0,0,0,0,0,0,0,0,365.0,16.0,436.86,1.5514984510771181,hospital_Hospital Santiago Apóstol,provincia_Segovia
2025-07-24,18.631548751120636,21.078382982914334,1.7535078210300938,67.23504320622892,15.144091073919649,533.6124629221032,40.5966703792512,10.978551484914018,9.291157253685869,3.9722206218865557,3.8760987868064305,13.227730521834088,0,0,0,0,0,0,0,0,0,0,0,0,0,0,0,0,0,0,0,0,0,0,365.0,16.0,440.73,0.47302115006893586,hospital_Complejo Asistencial de Segovia,provincia_Ávila
2025-07-25,27.20414692367593,8.167526378859781,1.867413962840698,77.41611800868664,7.817430497294106,543.0010648572778,43.02601248359101,3.7036124184563217,0.6538612847273022,9.437896567389792,3.3043532078500686,17.554510516684733,0,0,0,0,0,0,0,0,0,0,0,0,0,0,0,0,0,0,0,0,0,0,365.0,16.0,442.0833333333333,-14.383195515980688,hospital_Hospital El Bierzo,provincia_León
2025-07-26,29.79166954302543,8.017559879186466,1.4559624896059438,88.41181941301141,2.0,558.2219237759973,42.69198826009278,2.869933720284427,34.5474749623054,14.09887536725842,15.888614205953811,6.710214658294546,0,0,0,0,0,0,0,0,0,0,0,0,0,0,0,0,0,0,0,0,0,0,365.0,16.0,487.22,1.0270465651460683,hospital_Complejo Asistencial de Segovia,provincia_Salamanca
2025-07-27,10.06298473884175,6.7165295572431605,9.19696234720437,99.0,10.910903965811308,543.6438495690275,41.80722631530538,1.1893803197277553,14.976923775635356,16.458346351100122,10.346960312281531,2.837923694749877,0,0,0,0,0,0,0,0,0,0,0,0,0,0,0,0,0,0,0,0,0,0,365.0,16.0,447.07666666666665,-12.107699102892623,hospital_Complejo Asistencial Universitario de Salamanca,provincia_Ávila
2025-07-28,34.80041183023096,5.325747736188502,6.56321525913099,81.28669008914969,8.892276256103267,549.0661396060024,41.6144879764542,0.891693186376143,10.046410512038033,8.876487327950239,15.710755093913598,23.24075170537487,0,0,0,0,0,0,0,0,0,0,0,0,0,0,0,0,0,0,0,0,0,0,365.0,16.0,467.75,16.153378101798474,hospital_Complejo Asistencial de Segovia,provincia_Ávila
2025-07-29,23.437248159578512,24.348954634521213,0.0,54.870229569002205,22.141743154404562,535.9050764452344,40.03592559018561,3.8752364628626945,28.775422004786506,5.201527760899943,10.061168150417476,9.202527521948136,0,0,0,0,0,0,0,0,0,0,0,0,0,0,0,0,0,0,0,0,0,0,365.0,16.0,461.30333333333334,3.389347817845859,hospital_Complejo Asistencial de Ávila,provincia_Burgos
2025-07-30,20.907457018552083,13.63750527274922,0.0,29.438983895309995,13.966098263523184,532.0071466051368,41.66422428004583,4.713988497980462,16.777859798392385,0.0,3.3362036840941354,17.42183504672816,0,0,0,0,0,0,0,0,0,0,0,0,0,0,0,0,0,0,0,0,0,0,365.0,16.0,427.93666666666667,-5.102263704457776,hospital_Hospital Santiago Apóstol,provincia_Soria
2025-07-31,37.56428669055197,6.577800455939055,0.0,25.45808341892578,5.7725820088099935,546.9083622245737,40.55059171866569,10.69520161579818,0.0,3.1071128066380664,6.313320497125298,13.724986429424085,0,0,0,0,0,0,0,0,0,0,0,0,0,0,0,0,0,0,0,0,0,0,365.0,16.0,438.66,-4.52929689384383,hospital_Hospital Clínico Universitario de Valladolid,provincia_Salamanca
2025-08-01,15.58126101350292,-2.770056750434321,0.0,51.20691502778226,25.381763454587183,529.358685611041,41.201161358928935,4.118402109709377,18.724732405253288,4.3744067905130715,0.0,11.796902759850632,0,0,0,0,0,0,0,0,0,0,0,0,0,0,0,0,0,0,0,0,0,0,365.0,16.0,441.43,-25.195922577309915,hospital_Hospital Universitario Río Hortega,provincia_Burgos
2025-08-02,12.530086817299779,16.68262006552616,0.0,73.90057877453903,2.0,560.2043863335465,40.24468609247982,12.461012561137672,8.175101588795018,1.5425458936121954,8.71956865499825,11.417668701001517,0,0,0,0,0,0,0,0,0,0,0,0,0,0,0,0,0,0,0,0,0,0,365.0,16.0,445.6666666666667,18.803379999811515,hospital_Complejo Asistencial de Segovia,provincia_Valladolid
2025-08-03,12.50008099099811,5.216103964167265,0.0,42.99563582569153,9.017504115023232,536.1875175758029,41.26429498940616,7.3543595946629505,8.954761364268302,12.46776940457794,5.471550593204725,9.154864662533988,0,0,0,0,0,0,0,0,0,0,0,0,0,0,0,0,0,0,0,0,0,0,365.0,16.0,447.00333333333333,1.341793557838454,hospital_Hospital Santiago Apóstol,provincia_León
2025-08-04,4.582512943348878,9.527594738940337,0.0,53.145137391600024,16.101448490444668,529.2631063391492,40.308805143088335,0.0,4.65331413886048,0.0,10.727849736674017,13.741133489891885,0,0,0,0,0,0,0,0,0,0,0,0,0,0,0,0,0,0,0,0,0,0,365.0,16.0,426.05,48.97414115939609,hospital_Complejo Asistencial de Zamora,provincia_Salamanca
2025-08-05,0.0,-0.8006623736845828,0.0,47.77219420746449,9.901322492778364,538.4327255659147,40.74838757917979,0.24334557809939206,5.522806932855897,0.0,18.44551799153567,5.069745573966002,0,0,0,0,0,0,0,0,0,0,0,0,0,0,0,0,0,0,0,0,0,0,365.0,16.0,449.8833333333333,33.41835680852012,hospital_Complejo Asistencial Universitario de Palencia,provincia_Burgos
2025-08-06,28.577199189667724,15.890054426321234,0.0,60.70320487520372,19.87831132865511,536.2515424208765,41.66239336722345,8.224786556771358,17.12672556949454,18.544463905281916,0.0,2.183516398352877,0,0,0,0,0,0,0,0,0,0,0,0,0,0,0,0,0,0,0,0,0,0,365.0,16.0,439.0366666666667,48.156651959279465,hospital_Complejo Asistencial de Zamora,provincia_Segovia
2025-08-07,35.879586448264774,13.492548667223968,5.9453811649833215,23.716634030515884,8.902763310852114,537.7021299102471,39.1368818707892,0.0,10.845799758077241,2.6434471802142596,1.049414202587485,10.30852462376908,0,0,0,0,0,0,0,0,0,0,0,0,0,0,0,0,0,0,0,0,0,0,365.0,16.0,430.35,-5.050489430045462,hospital_Complejo Asistencial Universitario de Palencia,provincia_Segovia
2025-08-08,7.146731322155244,1.1627517748771732,0.0,75.83848820236472,12.330879537170327,540.2515168879675,41.053630960940104,7.816031920340908,10.027588907593742,5.558528625777194,7.286766983817042,0.0,0,0,0,0,0,0,0,0,0,0,0,0,0,0,0,0,0,0,0,0,0,0,365.0,16.0,452.96,2.5868786631328606,hospital_Complejo Asistencial de Ávila,provincia_Soria
2025-08-09,13.215054756870838,11.906799351712845,3.9519027004440277,79.91738020306988,12.576044540616497,549.010609733734,41.76313262121826,4.604732333394096,28.73023083541419,2.3625831046374572,17.423610643433072,17.173557765539506,0,0,0,0,0,0,0,0,0,0,0,0,0,0,0,0,0,0,0,0,0,0,365.0,16.0,496.21,-0.06474900379604949,hospital_Hospital Santos Reyes,provincia_Salamanca
2025-08-10,18.585466122410804,12.8242029380393,0.9537993967196905,75.07928992137451,12.906826821304128,548.0771301669504,41.10831027629848,0.9273864344984126,7.756873311182764,15.47633962278781,5.405655550514129,13.8448087325245,0,0,0,0,0,0,0,0,0,0,0,0,0,0,0,0,0,0,0,0,0,0,365.0,16.0,443.49,-8.75942136760447,hospital_Hospital Clínico Universitario de Valladolid,provincia_Zamora
2025-08-11,21.96166065383302,8.72331739183962,0.0,47.96394551181175,8.023185204041662,554.6933068770526,41.882381721054315,5.668690452014908,28.498471991539986,14.08156374771881,3.7457579146308877,11.158520885173571,0,0,0,0,0,0,0,0,0,0,0,0,0,0,0,0,0,0,0,0,0,0,365.0,16.0,450.87,-25.191820654304948,hospital_Hospital Santos Reyes,provincia_Soria
2025-08-12,13.310275310640005,6.063867131189561,6.148596613269049,68.93413760123757,13.036206973531355,550.6140430484379,41.22734522715989,9.673990038756116,18.323120594714762,6.496118749955304,24.25027829800976,4.501209049634256,0,0,0,0,0,0,0,0,0,0,0,0,0,0,0,0,0,0,0,0,0,0,365.0,16.0,479.78333333333336,-14.23860812851694,hospital_Hospital Santos Reyes,provincia_Ávila
2025-08-13,7.577035035200405,-3.147254886975279,0.0,74.14156000617069,13.81307500585469,531.7979969134278,40.46387785627457,2.5022806328909835,21.918445401788333,6.770662774837844,2.218491751976929,16.21386372541642,0,0,0,0,0,0,0,0,0,0,0,0,0,0,0,0,0,0,0,0,0,0,365.0,16.0,472.28,-29.623508010883917,hospital_Complejo Asistencial de Soria,provincia_Zamora
2025-08-14,10.031913720781079,11.818304705859555,10.750959348855314,82.5574508635703,5.449246125144975,555.0901359907785,39.875307612245095,4.523217745987558,32.856208523313946,8.598500180367648,10.215522730274321,9.821174872962139,0,0,0,0,0,0,0,0,0,0,0,0,0,0,0,0,0,0,0,0,0,0,365.0,16.0,484.36,-3.011510581783634,hospital_Complejo Asistencial Universitario de Salamanca,provincia_Palencia
2025-08-15,26.656372928031907,15.554804798962596,1.921465533785454,53.535810499864965,7.924601121064496,533.5280746846944,42.57895675575794,3.5372479930142386,11.055380416125994,3.247544248971931,4.3475057707582305,19.63173281379852,0,0,0,0,0,0,0,0,0,0,0,0,0,0,0,0,0,0,0,0,0,0,365.0,16.0,447.43,19.58638638226202,hospital_Complejo Asistencial de Ávila,provincia_Soria
2025-08-16,18.007158581178675,9.060922091571737,0.0,71.01190528294049,2.0,520.6890333815907,41.941828898900766,9.550383062996552,15.568057130925197,1.9194372395625963,0.0,11.250781616694729,0,0,0,0,0,0,0,0,0,0,0,0,0,0,0,0,0,0,0,0,0,0,365.0,16.0,429.6333333333333,3.9224508524421124,hospital_Hospital Santiago Apóstol,provincia_Zamora
2025-08-17,13.07943376733515,2.7698106291140556,0.0,73.84566326231857,16.143096003758544,529.0525012234594,41.493789311970424,4.546834953860635,1.007273317056356,1.8300564274349176,12.380789623890927,6.598868437647314,0,0,0,0,0,0,0,0,0,0,0,0,0,0,0,0,0,0,0,0,0,0,365.0,16.0,437.23333333333335,-2.646791193871225,hospital_Complejo Asistencial de Ávila,provincia_Palencia
2025-08-18,17.754825793579233,3.081645396516582,0.0,50.200654299147594,9.98861904840834,541.3489904353288,42.04891788619555,6.235191494126234,25.648690450158078,3.8631319618677864,3.483106139502098,8.1111571940265,0,0,0,0,0,0,0,0,0,0,0,0,0,0,0,0,0,0,0,0,0,0,365.0,16.0,465.07,-4.160753765775149,hospital_Complejo Asistencial de Segovia,provincia_Valladolid
2025-08-19,6.2417376782099865,10.496216768163691,5.451669620868553,33.740315944252,13.374879950042715,537.9948628251956,40.495836477303115,2.8569890420903445,21.943334251221827,8.660828023189826,28.151795148950363,8.953379374515238,0,0,0,0,0,0,0,0,0,0,0,0,0,0,0,0,0,0,0,0,0,0,365.0,16.0,401.5133333333333,-21.885587727288762,hospital_Hospital El Bierzo,provincia_Burgos
2025-08-20,18.92550582388545,11.090785400026553,2.7656893129058226,40.29329713625523,17.29576708356832,535.7653850121006,41.31572300920322,7.186892668451144,12.219457927594862,10.886752019025511,8.046625944135684,23.043897163264084,0,0,0,0,0,0,0,0,0,0,0,0,0,0,0,0,0,0,0,0,0,0,365.0,16.0,447.9533333333333,-1.0725534257343259,hospital_Hospital Clínico Universitario de Valladolid,provincia_Valladolid
2025-08-21,27.52235459999938,8.969782765199051,0.0,50.94625338256528,2.0,532.859230869614,40.750404970385475,0.0,8.150864070582253,10.746230109216674,17.132560125991084,8.75932490715924,0,0,0,0,0,0,0,0,0,0,0,0,0,0,0,0,0,0,0,0,0,0,365.0,16.0,447.52666666666664,31.585243952705788,hospital_Complejo Asistencial de Segovia,provincia_Zamora
2025-08-22,15.116516275131449,11.698411306789382,0.0,63.4207268648149,8.081684954499625,549.3949573100026,40.91993764797812,6.083219917019309,21.751190989020856,16.75367811288982,10.134452262382215,11.885044217400983,0,0,0,0,0,0,0,0,0,0,0,0,0,0,0,0,0,0,0,0,0,0,365.0,16.0,470.6,-28.861309349476397,hospital_Complejo Asistencial Universitario de Salamanca,provincia_Ávila
2025-08-23,16.56501713450833,15.35116230947419,0.0,80.07794113006663,9.168373488857698,525.2748029377599,41.47729562881355,6.460076274472536,20.50451655278694,9.89631289562572,12.935851027213632,2.177666762699049,0,0,0,0,0,0,0,0,0,0,0,0,0,0,0,0,0,0,0,0,0,0,365.0,16.0,443.97333333333336,-33.72095532250686,hospital_Hospital Santiago Apóstol,provincia_Salamanca
2025-08-24,13.54154889215701,10.234767899282813,0.0,80.42237872613964,13.61947098757474,532.3123017462722,40.50101125191031,4.53798745108562,16.676967078934414,8.167911818201308,7.93649203611726,10.684343619515593,0,0,0,0,0,0,0,0,0,0,0,0,0,0,0,0,0,0,0,0,0,0,365.0,16.0,452.87,-1.1561513047604215,hospital_Hospital Santos Reyes,provincia_Valladolid
2025-08-25,14.227357076251145,7.996213260936632,0.0,68.11242930613639,15.161078991395955,522.3304512860291,40.94798740635387,4.444221605362917,10.20103463053346,11.458136496026578,8.2614241077137,6.411503893107484,0,0,0,0,0,0,0,0,0,0,0,0,0,0,0,0,0,0,0,0,0,0,365.0,16.0,433.77666666666664,40.18243968319726,hospital_Complejo Asistencial de Zamora,provincia_Burgos
2025-08-26,2.4063579790472716,12.610512204253643,0.0,74.86942002172569,10.96693782789217,534.3225427120842,40.80179148275314,6.427636292897341,7.057553227624698,0.6802022779847121,5.745694911159858,7.424692450829286,0,0,0,0,0,0,0,0,0,0,0,0,0,0,0,0,0,0,0,0,0,0,365.0,16.0,439.6933333333333,36.14889891003556,hospital_Hospital Santos Reyes,provincia_Valladolid
2025-08-27,16.074247514839534,5.635510360250104,8.701618859448635,76.23191929763152,13.00904041963689,528.1178221227689,40.762761354336284,8.867324142084774,12.65558249997066,3.766137161549971,5.565992505721065,13.102702759666363,0,0,0,0,0,0,0,0,0,0,0,0,0,0,0,0,0,0,0,0,0,0,365.0,16.0,440.86,-13.3836052436618,hospital_Complejo Asistencial de Soria,provincia_Salamanca
2025-08-28,21.735372888752995,8.191812144864068,4.724633622682012,76.17524046650512,14.383772610796617,547.0586849542935,41.87973228275806,0.7781347015293418,17.77750426211225,0.0,15.489236820378245,13.080868861933538,0,0,0,0,0,0,0,0,0,0,0,0,0,0,0,0,0,0,0,0,0,0,365.0,16.0,467.7733333333333,26.396633301563266,hospital_Complejo Asistencial de Soria,provincia_Palencia
2025-08-29,20.137687315730943,10.32040431754201,0.0,61.377005765244164,2.0,550.2592664598352,42.111484869516794,0.0,11.539401923553644,10.092707413148567,7.698776547260281,0.7948760935594308,0,0,0,0,0,0,0,0,0,0,0,0,0,0,0,0,0,0,0,0,0,0,365.0,16.0,446.49,37.23615093497147,hospital_Hospital Santos Reyes,provincia_Palencia
2025-08-30,10.048794282325739,11.44625710500367,5.508672213182876,55.9793023730022,2.0,534.7128812887016,40.08138573728255,8.84828327061934,0.0,0.0,0.6476305602156067,17.557654236350416,0,0,0,0,0,0,0,0,0,0,0,0,0,0,0,0,0,0,0,0,0,0,365.0,16.0,440.1166666666667,-17.051862143901094,hospital_Complejo Asistencial de Ávila,provincia_Salamanca
2025-08-31,9.173417092680554,7.784394974385805,0.0,82.35712883492381,19.39911287508249,532.0654155939252,40.84801904182517,2.579157340667079,21.887059445973442,8.928509331710782,0.05910328097677464,4.235564850595231,0,0,0,0,0,0,0,0,0,0,0,0,0,0,0,0,0,0,0,0,0,0,365.0,16.0,456.63,-3.680042519613896,hospital_Complejo Asistencial de Ávila,provincia_Palencia
2025-09-01,17.684093733459758,6.592397786218285,0.936379097674065,85.89359872280507,12.026667209594272,525.4621454075185,41.399682670160495,11.62469421475624,24.947089843683322,8.823837933830085,7.73282645436878,9.23853046880624,0,0,0,0,0,0,0,0,0,0,0,0,0,0,0,0,0,0,0,0,0,0,365.0,16.0,461.58,-23.430176429733745,hospital_Complejo Asistencial de Ávila,provincia_Zamora
2025-09-02,18.355421939170764,2.1403914507442803,7.242541966761094,65.95178547379942,11.326201873297189,532.4056414818641,40.714167855326195,2.772649175920325,19.633153616479344,8.122138622353969,13.811194403584727,2.907837499338445,0,0,0,0,0,0,0,0,0,0,0,0,0,0,0,0,0,0,0,0,0,0,365.0,16.0,457.23333333333335,-27.02689710180204,hospital_Complejo Asistencial de Soria,provincia_Palencia
2025-09-03,13.618529462961245,-4.0612711762590425,1.2904509710547944,59.64199477969394,3.1147651540263332,547.2515005513461,39.84799102775389,5.139782149458728,11.646244514239545,11.745939467422394,3.25749417589223,5.5195302999722395,0,0,0,0,0,0,0,0,0,0,0,0,0,0,0,0,0,0,0,0,0,0,365.0,16.0,447.9,-25.50963947056792,hospital_Complejo Asistencial de Soria,provincia_Palencia
2025-09-04,17.744801544782373,14.438726824370463,0.0,81.26368291000784,16.415476457220755,525.0353881010908,41.216894496621315,6.049722089328797,16.685756863109948,0.0,0.0,17.810994992727196,0,0,0,0,0,0,0,0,0,0,0,0,0,0,0,0,0,0,0,0,0,0,365.0,16.0,422.1066666666667,9.336003197523095,hospital_Complejo Asistencial de Segovia,provincia_Soria
2025-09-05,17.781809642222026,9.633371857809312,4.724529191225985,31.306273058427152,10.08905703592767,518.4792539558765,41.103087647728884,4.74165993397903,14.251046726068166,6.555098785039073,6.824441847025574,0.0,0,0,0,0,0,0,0,0,0,0,0,0,0,0,0,0,0,0,0,0,0,0,365.0,16.0,419.1166666666667,25.275273388126024,hospital_Hospital Universitario Río Hortega,provincia_Soria
2025-09-06,21.79528168625035,2.3957627610459014,13.807825897369954,36.782796795587316,10.728951197413384,544.3648978385962,40.661887129954316,1.5149872634750867,8.504397467989483,14.970501440534768,16.992823633034916,15.199062769033212,0,0,0,0,0,0,0,0,0,0,0,0,0,0,0,0,0,0,0,0,0,0,365.0,16.0,455.35,20.977985146053456,hospital_Hospital Santos Reyes,provincia_Palencia
2025-09-07,24.864189906610264,15.304184571199745,2.828647336209513,56.16648262187546,17.47793010116185,540.4684604092814,40.13468871686536,0.0,14.777987112870116,4.2783032123875415,0.0,15.767490407501239,0,0,0,0,0,0,0,0,0,0,0,0,0,0,0,0,0,0,0,0,0,0,365.0,16.0,434.76,-36.67696448724251,hospital_Complejo Asistencial Universitario de Salamanca,provincia_Ávila
2025-09-08,24.124727074609424,10.830209074491188,3.7656586337670634,70.23788842333904,10.872980710540375,545.4708736433685,40.887024181004165,4.826957332125854,18.05795274437528,5.052464132131644,7.828357154427536,13.213090906019158,0,0,0,0,0,0,0,0,0,0,0,0,0,0,0,0,0,0,0,0,0,0,365.0,16.0,446.1933333333333,-20.336838557425164,hospital_Complejo Asistencial de Segovia,provincia_Burgos
2025-09-09,24.626753466672405,12.443060110615303,5.475302077972322,78.44166844442283,13.351573681463334,551.0670337107476,39.85883226331084,0.0,22.354012842070823,0.0,3.8532737154738737,14.85616788747173,0,0,0,0,0,0,0,0,0,0,0,0,0,0,0,0,0,0,0,0,0,0,365.0,16.0,440.5233333333333,-15.106730553762763,hospital_Complejo Asistencial de Segovia,provincia_Salamanca
2025-09-10,12.549635474473046,1.976578494113749,0.0,77.13949338027422,13.592961361860706,527.6298632641897,42.85469939218109,3.6723401198041756,36.64652704201056,0.0,0.0,14.528972986835985,0,0,0,0,0,0,0,0,0,0,0,0,0,0,0,0,0,0,0,0,0,0,365.0,16.0,477.39,-19.3795375020294,hospital_Hospital Universitario Río Hortega,provincia_Segovia
2025-09-11,17.840777100037638,8.211593825299136,8.782585118479993,57.28385092806172,16.336158887295106,525.2112042158851,39.98665302062995,1.6516032993084262,37.16131595580904,12.791941734005436,13.435897866812633,15.414820848990331,0,0,0,0,0,0,0,0,0,0,0,0,0,0,0,0,0,0,0,0,0,0,365.0,16.0,485.06,-5.204778090696394,hospital_Hospital El Bierzo,provincia_Palencia
2025-09-12,0.0,1.0049199822324884,0.0,86.6860711567049,5.087610788461527,537.6367493789285,40.11827108291193,0.7191817978215145,8.484510857421371,7.287165945193651,10.73764674633734,19.6184924510726,0,0,0,0,0,0,0,0,0,0,0,0,0,0,0,0,0,0,0,0,0,0,365.0,16.0,448.44666666666666,38.17284009755757,hospital_Hospital Clínico Universitario de Valladolid,provincia_Valladolid
2025-09-13,6.832096578157813,1.3070971552636017,5.865987477722342,70.37260773821968,13.995821590916698,548.619373934336,39.63842982752123,0.0,7.238925731319059,4.681656240838144,14.91906421052117,20.178174496417732,0,0,0,0,0,0,0,0,0,0,0,0,0,0,0,0,0,0,0,0,0,0,365.0,16.0,456.95,56.924849049347905,hospital_Hospital Clínico Universitario de Valladolid,provincia_Burgos
2025-09-14,31.903173970048293,8.05481039886124,2.8393261366181957,87.6685920242911,13.099020992519652,550.919560059652,41.10151107912365,1.1748869787866596,15.874843213758624,2.724145444379731,7.4981247750312985,10.193247447196478,0,0,0,0,0,0,0,0,0,0,0,0,0,0,0,0,0,0,0,0,0,0,365.0,16.0,447.91333333333336,-31.184056259292866,hospital_Hospital El Bierzo,provincia_Salamanca
2025-09-15,25.659253660649252,9.112460298591195,1.4082327166442177,71.76211110054695,13.810687295688018,522.4551856684384,41.21495166110844,0.0,39.0265010362923,1.019672559620889,9.43457825032749,26.851753351447513,0,0,0,0,0,0,0,0,0,0,0,0,0,0,0,0,0,0,0,0,0,0,365.0,16.0,496.37,-1.3638758151365862,hospital_Hospital El Bierzo,provincia_Valladolid
2025-09-16,20.828569023979878,9.205102555474896,4.393495670721224,93.7047700617498,14.288856349942433,526.0519655259062,39.53209686987683,10.91504759960575,7.248000201505519,0.0,20.969619223418185,22.07632835411899,0,0,0,0,0,0,0,0,0,0,0,0,0,0,0,0,0,0,0,0,0,0,365.0,16.0,447.66,-15.471125404206697,hospital_Hospital Santiago Apóstol,provincia_Zamora
2025-09-17,20.761487284228103,1.9776576359382618,2.3803981750941743,43.85300516408434,14.347263895360582,527.5681111459447,40.263288166692774,3.45617533940696,21.154980632781083,14.157961274623046,11.928026715171656,11.08051008840129,0,0,0,0,0,0,0,0,0,0,0,0,0,0,0,0,0,0,0,0,0,0,365.0,16.0,442.24666666666667,6.516933609882175,hospital_Hospital Santiago Apóstol,provincia_Valladolid
2025-09-18,41.0,11.162986922509429,1.6705891054592001,75.50861237458749,11.993502328366304,538.4476185737304,40.722778671613,3.1931397048583268,17.719054900130207,8.357728201055558,26.07945784191284,20.581947428763343,0,0,0,0,0,0,0,0,0,0,0,0,0,0,0,0,0,0,0,0,0,0,365.0,16.0,492.62666666666667,-18.580516146529025,hospital_Hospital Universitario Río Hortega,provincia_Burgos
2025-09-19,30.63262279709442,20.83894563749906,1.1330630944193154,98.15807671862045,14.132225167023817,543.1076931879588,39.81133880833693,5.647574383932927,14.621446569529809,1.7578479177175725,14.629253428308967,9.798843457309278,0,0,0,0,0,0,0,0,0,0,0,0,0,0,0,0,0,0,0,0,0,0,365.0,16.0,468.2133333333333,-12.069336368763677,hospital_Complejo Asistencial de Ávila,provincia_Zamora
2025-09-20,6.376562448799879,6.8830075637061805,0.8216176829150588,94.62019119857968,18.117993470673877,538.55537166367,41.08093162175884,8.595796316629727,16.112990350893934,8.304415987951291,9.056476068466527,16.729267824944266,0,0,0,0,0,0,0,0,0,0,0,0,0,0,0,0,0,0,0,0,0,0,365.0,16.0,463.32,-8.864340393561983,hospital_Complejo Asistencial de Soria,provincia_Segovia
2025-09-21,18.3283276212805,-9.864304884073553,6.179069695916232,48.35684061375564,13.828394728497138,560.8114198322913,40.20391807665423,2.1288169676516095,8.265426705208862,5.907687508616808,1.8569745153102684,6.764764312523076,0,0,0,0,0,0,0,0,0,0,0,0,0,0,0,0,0,0,0,0,0,0,365.0,16.0,420.9033333333333,-32.75280257239007,hospital_Complejo Asistencial Universitario de Palencia,provincia_León
2025-09-22,19.411333657716284,7.325490075312816,0.0,66.36116426328972,18.55073298762148,538.3115248747752,38.983001956098185,7.380385634780448,0.0,5.334936909533462,5.7658605514698005,5.073827369822083,0,0,0,0,0,0,0,0,0,0,0,0,0,0,0,0,0,0,0,0,0,0,365.0,16.0,428.7,4.887667395531937,hospital_Hospital Clínico Universitario de Valladolid,provincia_Valladolid
2025-09-23,11.875387083354177,11.915633884145459,5.673435663447416,82.53212999122252,7.213308971395074,539.3659080322047,41.425896591945566,11.111273691813759,15.561156845493613,4.078372297765958,0.0,0.0,0,0,0,0,0,0,0,0,0,0,0,0,0,0,0,0,0,0,0,0,0,0,365.0,16.0,436.99,-26.915836265967936,hospital_Complejo Asistencial de Ávila,provincia_Ávila
2025-09-24,33.51344982535652,2.5009881138940777,7.231996809153934,52.34415086938069,2.0,541.809584086384,42.09043330447065,4.1377907342772176,34.06153128143088,12.344871885505864,18.466053924282797,18.235351780960023,0,0,0,0,0,0,0,0,0,0,0,0,0,0,0,0,0,0,0,0,0,0,365.0,16.0,499.63666666666666,0.5435344506058079,hospital_Complejo Asistencial Universitario de León,provincia_Zamora
2025-09-25,15.68965391756057,5.618254223197436,9.607942655908557,74.9239673520729,9.05243385979769,550.8480306377413,40.830654028786526,7.750995074610116,11.528310246931843,0.0,11.597172112410163,24.789905484772554,0,0,0,0,0,0,0,0,0,0,0,0,0,0,0,0,0,0,0,0,0,0,365.0,16.0,469.26,-35.39207703276329,hospital_Hospital Santiago Apóstol,provincia_Soria
2025-09-26,26.47247371956061,7.572642547332293,3.595731246114947,90.43003188911739,6.238571443883742,544.3336616914943,42.0990013777015,1.5936805361066928,5.9134248770756574,9.03467881844903,1.2502634133173274,23.72053105603002,0,0,0,0,0,0,0,0,0,0,0,0,0,0,0,0,0,0,0,0,0,0,365.0,16.0,446.29333333333335,25.828083882986082,hospital_Complejo Asistencial de Segovia,provincia_León
2025-09-27,37.18425717941428,5.028875799034262,4.302948477080719,51.02436705047785,5.488165214142461,535.9669496957343,40.718863552115884,1.2980481031490783,8.157300949755777,12.18289474167661,11.722412642796266,14.321020188190296,0,0,0,0,0,0,0,0,0,0,0,0,0,0,0,0,0,0,0,0,0,0,365.0,16.0,457.1433333333333,-22.523426052677987,hospital_Hospital Santiago Apóstol,provincia_León
2025-09-28,6.468097714275949,6.254686427281047,0.0,45.73940390022398,5.71528867720563,546.0491534408027,40.65152946812586,4.844758709227636,23.29035523333323,8.451440353274466,5.894616940722182,12.425007101808873,0,0,0,0,0,0,0,0,0,0,0,0,0,0,0,0,0,0,0,0,0,0,365.0,16.0,458.99666666666667,43.759844606422185,hospital_Hospital El Bierzo,provincia_León
2025-09-29,3.3243831008210094,1.7523847209975978,0.0,71.73205218108723,10.038222232671187,545.7675460418536,40.26843827592941,10.614504745031434,22.718018445205683,2.867869429443213,9.632889031981305,15.380655613633344,0,0,0,0,0,0,0,0,0,0,0,0,0,0,0,0,0,0,0,0,0,0,365.0,16.0,475.30333333333334,38.14720051798175,hospital_Complejo Asistencial Universitario de Salamanca,provincia_Valladolid
2025-09-30,16.637027156736057,16.316831447061773,7.214076334229648,80.86824849240959,3.1283023310822635,533.9430017133863,41.79504355285878,1.66101452981508,14.602670328916549,8.034974957003405,2.1708407656052406,13.232875406557476,0,0,0,0,0,0,0,0,0,0,0,0,0,0,0,0,0,0,0,0,0,0,365.0,16.0,440.44666666666666,6.771025128781626,hospital_Complejo Asistencial de Soria,provincia_Soria
2025-10-01,19.605969639040794,-5.925129846011647,2.557718299782646,60.963357152412584,14.756440723161266,525.4187246191754,40.972045809502205,9.167768634566427,27.678967865282367,18.502562794037274,21.118506984217667,11.353898163917606,0,0,0,0,0,0,0,0,0,0,0,0,0,0,0,0,0,0,0,0,0,0,365.0,16.0,475.54333333333335,14.976797273740031,hospital_Complejo Asistencial de Segovia,provincia_Burgos
2025-10-02,26.13330247277886,3.1590096901726676,7.969971245239545,83.14755204578505,9.380559368367882,519.2659692927672,40.8365479319732,4.869328901738918,0.0,2.9714694333582656,17.977839073878098,32.86143557654562,0,0,0,0,0,0,0,0,0,0,0,0,0,0,0,0,0,0,0,0,0,0,365.0,16.0,451.44666666666666,0.9939159357500934,hospital_Complejo Asistencial de Zamora,provincia_Ávila
2025-10-03,23.80965063880843,3.4105182946783197,0.0,58.985006213862626,8.648055191264556,552.2960021874484,41.906437323034176,0.0,25.863332203971105,15.299723331640976,19.514140355136504,19.73439359333001,0,0,0,0,0,0,0,0,0,0,0,0,0,0,0,0,0,0,0,0,0,0,365.0,16.0,493.39,36.75718644235514,hospital_Complejo Asistencial Universitario de Salamanca,provincia_Zamora
2025-10-04,2.698874327035643,4.022380885882123,4.537924873447352,40.64360721272767,10.84526158082318,552.4178452900503,40.0828704754765,5.501928526219934,21.327829110534523,2.562396822990578,21.7975212656683,11.070893721661076,0,0,0,0,0,0,0,0,0,0,0,0,0,0,0,0,0,0,0,0,0,0,365.0,16.0,483.13,-32.52382223512863,hospital_Complejo Asistencial de Ávila,provincia_Burgos
2025-10-05,38.88513183259509,5.955276027860291,9.069711954888477,64.37044738289339,10.395030261976448,543.993371426067,42.3314757618869,2.102875010374555,21.503406343009402,7.650379308069897,0.14395453604217856,17.174420716049916,0,0,0,0,0,0,0,0,0,0,0,0,0,0,0,0,0,0,0,0,0,0,365.0,16.0,460.99,-44.042984367584545,hospital_Hospital Universitario Río Hortega,provincia_Segovia
2025-10-06,16.851714067389093,6.047600960152435,3.0638507312030363,60.60536495174281,16.763899329109854,541.7963860752067,42.20174520162826,6.299696690165964,14.058848634419203,0.0,15.888847177530623,1.644989408410055,0,0,0,0,0,0,0,0,0,0,0,0,0,0,0,0,0,0,0,0,0,0,365.0,16.0,477.16,-18.796442475635086,hospital_Complejo Asistencial de Ávila,provincia_Segovia
2025-10-07,15.728958447626427,7.078716026218462,0.0,64.66446984899197,11.71625371079533,539.1410316497052,40.57428168685543,8.323274349802073,0.0,10.919926515505537,15.373458225810523,17.76281464294789,0,0,0,0,0,0,0,0,0,0,0,0,0,0,0,0,0,0,0,0,0,0,365.0,16.0,459.36333333333334,-21.486431188909293,hospital_Complejo Asistencial Universitario de Burgos,provincia_Ávila
2025-10-08,33.32377790350304,5.844484287298168,3.16854615666832,64.55901670934644,2.0,557.8355286931729,39.852690078496835,0.0,32.29814175063535,1.0705823363528806,6.344060980390294,0.0,0,0,0,0,0,0,0,0,0,0,0,0,0,0,0,0,0,0,0,0,0,0,365.0,16.0,445.87333333333333,17.52498567489631,hospital_Hospital Universitario Río Hortega,provincia_Salamanca
2025-10-09,8.266557627855654,5.267648498114635,5.007073579932694,59.07370772860427,21.656134558974028,543.3035621102565,40.32665147916918,8.421428902455379,27.233126685294238,0.0,3.4500955817013894,9.23307149447296,0,0,0,0,0,0,0,0,0,0,0,0,0,0,0,0,0,0,0,0,0,0,365.0,16.0,472.2133333333333,-34.34611655942547,hospital_Hospital Santiago Apóstol,provincia_Zamora
2025-10-10,16.872775397954843,5.048892469610728,8.153574039059707,64.129800229399,14.735913253132956,539.772128073656,40.47626138491121,6.173586285144055,1.109999149211486,4.839508372776395,16.254501665411958,8.03072708706496,0,0,0,0,0,0,0,0,0,0,0,0,0,0,0,0,0,0,0,0,0,0,365.0,16.0,459.5833333333333,-41.250915068911794,hospital_Hospital Santiago Apóstol,provincia_Zamora
2025-10-11,25.40997308726882,4.243054760904599,0.0,71.61546381773591,10.250649810348996,558.4948349819529,40.72460224891156,11.77117315952647,6.301520969810824,13.30266807073345,16.156954505682307,21.829021613352012,0,0,0,0,0,0,0,0,0,0,0,0,0,0,0,0,0,0,0,0,0,0,365.0,16.0,456.57666666666665,23.8111084153317,hospital_Hospital Santiago Apóstol,provincia_León
2025-10-12,17.958836056062562,14.142789657388676,0.0,68.29347015831708,6.812947459250521,539.0266860063928,41.15803585386919,7.785363366257846,30.69493909511376,7.703120049397018,13.586719825732526,7.153200458022154,0,0,0,0,0,0,0,0,0,0,0,0,0,0,0,0,0,0,0,0,0,0,365.0,16.0,482.2966666666667,-16.000638279942923,hospital_Hospital Universitario Río Hortega,provincia_Burgos
2025-10-13,21.231805720007518,4.841913465065765,0.0,64.07407147170781,17.67132486819129,555.853235862968,40.72385874497541,3.299636577808097,0.3716213599088789,8.079721043212466,6.083070290307019,7.6343246189991225,0,0,0,0,0,0,0,0,0,0,0,0,0,0,0,0,0,0,0,0,0,0,365.0,16.0,425.93,2.4183112953533783,hospital_Complejo Asistencial Universitario de Salamanca,provincia_Zamora
2025-10-14,34.90341687147784,5.2673946937692335,0.0,54.21354188031704,23.826701837600027,533.5940595235575,41.017249077486184,3.4279285571694054,27.334964153104885,14.485238020909392,25.601772974940573,15.88092660799293,0,0,0,0,0,0,0,0,0,0,0,0,0,0,0,0,0,0,0,0,0,0,365.0,16.0,485.81333333333333,11.182347070686728,hospital_Hospital El Bierzo,provincia_Segovia
2025-10-15,5.983955901308905,9.968381497867547,3.232124277720737,64.86136047828802,13.352583633488475,539.9691887989895,40.809725173997165,5.296823331827461,17.456751525795486,2.4535408160293226,19.84897705081013,21.878257652559345,0,0,0,0,0,0,0,0,0,0,0,0,0,0,0,0,0,0,0,0,0,0,365.0,16.0,482.05333333333334,8.36968069913957,hospital_Complejo Asistencial Universitario de Burgos,provincia_Segovia
2025-10-16,17.3490828573568,12.962803252857327,2.619845527673168,75.27963434459673,10.689336100475401,543.0831626985647,41.2499185941071,0.0,35.872832812271426,9.738504022385174,14.1467533680803,23.203590065726786,0,0,0,0,0,0,0,0,0,0,0,0,0,0,0,0,0,0,0,0,0,0,365.0,16.0,501.01,29.91277028756683,hospital_Hospital Clínico Universitario de Valladolid,provincia_Salamanca
2025-10-17,18.55424244081319,22.9074227409294,0.0,30.72006407757946,17.906622073232104,554.9269141005092,41.3403855231795,4.223884018289832,36.28639208135698,5.154295772302948,1.3324274287859712,15.242469615006609,0,0,0,0,0,0,0,0,0,0,0,0,0,0,0,0,0,0,0,0,0,0,365.0,16.0,454.8233333333333,-17.246431480578867,hospital_Complejo Asistencial de Zamora,provincia_Soria
2025-10-18,14.702113524664775,9.159716395750673,0.0,89.29054082421435,13.968691864906898,533.8602231793199,42.194658565889554,8.17225377878037,33.0345253991585,4.626382754478007,10.243795097029146,10.395342499842613,0,0,0,0,0,0,0,0,0,0,0,0,0,0,0,0,0,0,0,0,0,0,365.0,16.0,492.77,44.849612505994244,hospital_Complejo Asistencial Universitario de Salamanca,provincia_Palencia
2025-10-19,22.615173270700073,4.278375875402006,0.0,41.01815879028304,17.233233549395752,540.4077840799176,40.3780794803726,4.575217240393609,36.888866211693944,10.34206926380497,20.204589672352178,8.860007928381814,0,0,0,0,0,0,0,0,0,0,0,0,0,0,0,0,0,0,0,0,0,0,365.0,16.0,486.74,-32.54679401401131,hospital_Complejo Asistencial de Segovia,provincia_Valladolid
2025-10-20,10.559465413396829,11.670851132888185,6.761537719413688,85.00078226807469,24.605361617643098,536.0756960656822,41.45487253028047,2.7012964979687726,12.528248065858447,6.935994720192876,12.03331688051869,11.784747104609558,0,0,0,0,0,0,0,0,0,0,0,0,0,0,0,0,0,0,0,0,0,0,365.0,16.0,454.26666666666665,-55.789509941369275,hospital_Hospital Santos Reyes,provincia_Segovia
2025-10-21,27.290022678159183,5.7634004110420864,0.0,53.54309654493649,4.50365914428806,537.1161945919846,41.32622751029163,7.031662395219176,15.361328065235615,0.0,5.279952674122651,3.439396244587435,0,0,0,0,0,0,0,0,0,0,0,0,0,0,0,0,0,0,0,0,0,0,365.0,16.0,421.4766666666667,-32.44287306364027,hospital_Complejo Asistencial Universitario de León,provincia_Burgos
2025-10-22,19.744563799793394,0.1290476207680591,0.4088021013267227,95.81248251811157,10.32107094873913,552.5472129887052,42.618082780528496,3.0466181630272176,31.91930565158921,2.6651740241435955,5.626029570771222,20.111512460284207,0,0,0,0,0,0,0,0,0,0,0,0,0,0,0,0,0,0,0,0,0,0,365.0,16.0,469.2,-21.763822855755958,hospital_Complejo Asistencial Universitario de León,provincia_Palencia
2025-10-23,30.892324717659953,10.707187528717835,3.401519957279765,53.458412333807175,19.79441620225846,544.9884268034192,40.62850188115746,2.7628652242435714,25.903794443397324,4.194511945247929,1.4746175548590923,18.840334462315624,0,0,0,0,0,0,0,0,0,0,0,0,0,0,0,0,0,0,0,0,0,0,365.0,16.0,482.76666666666665,-27.221002727983596,hospital_Complejo Asistencial de Ávila,provincia_Valladolid
2025-10-24,9.084696822525377,3.97157383756819,2.96314081762637,76.35309164522793,9.698540303206396,509.84988106020916,41.22577959446551,0.09617897269586351,10.933622370467862,0.0,6.615562040687235,1.8041782544353335,0,0,0,0,0,0,0,0,0,0,0,0,0,0,0,0,0,0,0,0,0,0,365.0,16.0,430.93666666666667,27.446422557148466,hospital_Complejo Asistencial Universitario de León,provincia_Valladolid
2025-10-25,24.863713666129676,14.767662268450106,7.986053912621596,51.35586035165489,12.39777922105478,556.4807682901695,42.258673922113694,4.69018110513313,27.241467316210716,16.10862173504794,15.134351021981448,6.559079488561995,0,0,0,0,0,0,0,0,0,0,0,0,0,0,0,0,0,0,0,0,0,0,365.0,16.0,485.6166666666667,-38.90258757886489,hospital_Complejo Asistencial de Zamora,provincia_Salamanca
2025-10-26,32.37120781525679,5.28310123958763,0.23772737407074884,84.67928881883819,12.820621515072423,534.0015343672787,40.59815652067961,0.0,25.0941119840458,11.015104227657577,1.8683621622627875,16.96742194257661,0,0,0,0,0,0,0,0,0,0,0,0,0,0,0,0,0,0,0,0,0,0,365.0,16.0,470.44666666666666,-16.593438020330037,hospital_Complejo Asistencial de Ávila,provincia_Valladolid
2025-10-27,7.213025031080312,15.80084931853564,7.487127257491902,64.80201311308217,3.8850120427232877,546.5084349982458,41.09350693419343,2.6935354813174484,24.62763060100952,10.353307840020772,8.938844734063464,0.0,0,0,0,0,0,0,0,0,0,0,0,0,0,0,0,0,0,0,0,0,0,0,365.0,16.0,461.76,-8.400226211029615,hospital_Complejo Asistencial de Ávila,provincia_Salamanca
2025-10-28,25.521207637047162,9.785340503372456,0.0,70.57145566479244,7.727846692149855,524.7778155316437,40.77624441664663,2.6151349585793673,37.68601963897352,10.772710019644087,0.1740209397590089,9.463135830735455,0,0,0,0,0,0,0,0,0,0,0,0,0,0,0,0,0,0,0,0,0,0,365.0,16.0,453.4766666666667,-50.284384592759125,hospital_Complejo Asistencial Universitario de Palencia,provincia_Zamora
2025-10-29,10.945669191095385,2.902983732320262,0.0,68.5129006619449,15.010485448934915,526.7520400180409,42.09685951818831,6.119725794549993,11.39599602227748,6.611401684786049,7.499832684404098,12.833292731871623,0,0,0,0,0,0,0,0,0,0,0,0,0,0,0,0,0,0,0,0,0,0,365.0,16.0,449.9766666666667,-30.12237890476608,hospital_Complejo Asistencial Universitario de León,provincia_Burgos
2025-10-30,20.113254725501008,2.009283012667944,0.0,21.234620267879322,18.138179283166338,537.021595966205,41.16625705034608,8.854772727201333,17.592467291794435,8.684146167341067,23.893968157417177,15.440211676819617,0,0,0,0,0,0,0,0,0,0,0,0,0,0,0,0,0,0,0,0,0,0,365.0,16.0,486.3833333333333,-3.726249869451651,hospital_Complejo Asistencial de Soria,provincia_Soria
2025-10-31,11.034010991375908,3.5625741913766307,0.0,74.11788699930949,2.0,548.7414006118463,40.60302640240647,7.01363361175754,27.72544550439842,9.257452835462363,16.200960867352368,14.205844662092932,0,0,0,0,0,0,0,0,0,0,0,0,0,0,0,0,0,0,0,0,0,0,365.0,16.0,496.60333333333335,10.168647661350663,hospital_Complejo Asistencial Universitario de Burgos,provincia_Salamanca
2025-11-01,12.80559863510951,10.990977112665565,0.0,40.83873117419928,15.961841661705066,559.3019371743403,40.86050778014055,6.978375530233587,14.676079357072005,11.67485153201741,5.039342086709907,15.212035691635105,0,0,0,0,0,0,0,0,0,0,0,0,0,0,0,0,0,0,0,0,0,0,365.0,16.0,432.18333333333334,14.79673863070754,hospital_Complejo Asistencial Universitario de Palencia,provincia_Zamora
2025-11-02,10.700815336322933,16.360702384175077,0.0,90.34420665194247,4.653383862444839,541.6351153565257,41.71859606248827,0.0,18.54619717634008,2.035683775591045,11.443975690376961,21.475366712063902,0,0,0,0,0,0,0,0,0,0,0,0,0,0,0,0,0,0,0,0,0,0,365.0,16.0,456.1166666666667,-19.813299260270597,hospital_Complejo Asistencial de Zamora,provincia_Zamora
2025-11-03,5.746755544964884,10.824280386837842,0.0,76.47838261850143,2.0,527.1104451696834,41.815777976173166,6.181465032063529,23.4057767545122,4.113744946466573,12.125444879776612,19.541370267621627,0,0,0,0,0,0,0,0,0,0,0,0,0,0,0,0,0,0,0,0,0,0,365.0,16.0,461.43,-14.981965683670131,hospital_Complejo Asistencial de Soria,provincia_Zamora
2025-11-04,3.7851272766502433,4.727112486637568,1.576307878241932,15.536488570565133,28.172865928660062,528.999665162922,41.224513798971905,5.541248981626934,39.261762947439124,16.33964213902133,20.377458111279857,7.761471028432469,0,0,0,0,0,0,0,0,0,0,0,0,0,0,0,0,0,0,0,0,0,0,365.0,16.0,476.33666666666664,20.546397341727754,hospital_Complejo Asistencial de Ávila,provincia_Salamanca
2025-11-05,17.42658868983274,13.277199119191042,5.774327802835375,66.72111216951058,10.383644745758254,530.9060454697382,40.53325598311214,9.553172709815458,18.983776004225888,5.6739344965216585,18.340477633235192,16.745983612126032,0,0,0,0,0,0,0,0,0,0,0,0,0,0,0,0,0,0,0,0,0,0,365.0,16.0,474.6766666666667,-29.800847943068554,hospital_Complejo Asistencial de Soria,provincia_Ávila
2025-11-06,18.289086431603153,7.914363122269025,5.2618062012458795,66.76274741330734,20.852350284408274,536.8534089358284,42.12428799119328,5.869862021207413,12.906861040852693,1.9074632148308446,5.607897731951224,4.933661297970764,0,0,0,0,0,0,0,0,0,0,0,0,0,0,0,0,0,0,0,0,0,0,365.0,16.0,437.4166666666667,5.410382552566845,hospital_Complejo Asistencial Universitario de Salamanca,provincia_Zamora
2025-11-07,15.410803834814796,-9.151841683357459,0.0,76.51206194355284,5.433684257098528,526.8955344271114,40.68464997572568,11.088384542520245,23.87117709771462,17.737949199724756,4.604020246485423,3.927392294136488,0,0,0,0,0,0,0,0,0,0,0,0,0,0,0,0,0,0,0,0,0,0,365.0,16.0,450.81333333333333,25.077989797499317,hospital_Complejo Asistencial de Soria,provincia_Burgos
2025-11-08,30.913273241314208,17.412073904932726,0.0,44.85276578085537,26.67759953873062,531.590684822226,41.34206670703216,2.32409327584712,22.35976102774348,4.788743834717389,12.85046817238994,13.875801412362353,0,0,0,0,0,0,0,0,0,0,0,0,0,0,0,0,0,0,0,0,0,0,365.0,16.0,469.7,50.44294125296153,hospital_Hospital El Bierzo,provincia_León
2025-11-09,26.989814889062867,20.638935393402264,3.026411496927431,83.73116193177788,9.558443362490488,544.3115915885339,40.57733817095494,0.7057823318010605,16.52669008639358,10.918412835002615,11.947117215193773,7.304464574190856,0,0,0,0,0,0,0,0,0,0,0,0,0,0,0,0,0,0,0,0,0,0,365.0,16.0,458.8566666666667,2.454563440245659,hospital_Complejo Asistencial de Ávila,provincia_Palencia
2025-11-10,16.687231373284554,11.505253002096945,2.1282307560945566,40.60020863020756,19.217143642872564,552.7185096506405,40.56910201769238,0.053337635462066046,5.730828576993389,6.7017253737436056,14.344044751247626,13.15107295812669,0,0,0,0,0,0,0,0,0,0,0,0,0,0,0,0,0,0,0,0,0,0,365.0,16.0,442.49666666666667,45.41196885444268,hospital_Complejo Asistencial de Segovia,provincia_Salamanca
2025-11-11,17.76148291089006,14.047561983255399,0.0,81.5877458263924,14.007220004543345,529.4961267690028,40.05996742027577,1.0978698836930771,27.03621845777107,4.595860843908804,1.827559336873481,12.41392182804782,0,0,0,0,0,0,0,0,0,0,0,0,0,0,0,0,0,0,0,0,0,0,365.0,16.0,467.52666666666664,33.14895781686297,hospital_Complejo Asistencial Universitario de Salamanca,provincia_Palencia
2025-11-12,23.450586826620345,12.387995732331124,5.252196042206762,46.32386710587343,2.0,533.8585289072465,40.60620792360301,4.660380914517779,41.04151514376854,0.0,0.39375522794099993,6.389225052434299,0,0,0,0,0,0,0,0,0,0,0,0,0,0,0,0,0,0,0,0,0,0,365.0,16.0,461.70666666666665,80.49960001157025,hospital_Complejo Asistencial de Soria,provincia_Zamora
2025-11-13,3.1832384015494384,9.350499170396292,0.0,56.32464377114022,9.781996299868172,536.1798498377037,40.90359481528016,0.0,27.705497042113514,5.037755229836126,12.390445416846786,0.0,0,0,0,0,0,0,0,0,0,0,0,0,0,0,0,0,0,0,0,0,0,0,365.0,16.0,459.7,18.58451878382118,hospital_Hospital Clínico Universitario de Valladolid,provincia_Segovia
2025-11-14,5.2804601696214775,5.444029885827159,0.8768072346006093,53.18860989088309,10.281333125143941,536.255664307467,40.180249562050214,6.130242645894371,16.746308489048154,11.809521466137529,16.295797219484477,15.240410338753687,0,0,0,0,0,0,0,0,0,0,0,0,0,0,0,0,0,0,0,0,0,0,365.0,16.0,482.71,-57.16927845134612,hospital_Hospital Santiago Apóstol,provincia_Valladolid
2025-11-15,40.03671055712802,11.861853976192421,6.895165312130151,85.1726822939533,12.23565222116313,535.7121092055244,42.015489507708345,0.8193226868084311,21.112340919428586,0.7152338659030972,1.1553329738774085,7.2923864922179655,0,0,0,0,0,0,0,0,0,0,0,0,0,0,0,0,0,0,0,0,0,0,365.0,16.0,440.8933333333333,0.2509612645615574,hospital_Hospital Santiago Apóstol,provincia_Palencia
2025-11-16,25.399919482813132,8.922603751531208,5.542296690602898,46.003944980161776,24.080410383886026,526.688172231789,41.86864699443856,5.515008473225061,10.124527586150544,3.788484467246975,14.62959487270475,33.55177934399061,0,0,0,0,0,0,0,0,0,0,0,0,0,0,0,0,0,0,0,0,0,0,365.0,16.0,441.4,1.8051962576510696,hospital_Hospital Clínico Universitario de Valladolid,provincia_Zamora
2025-11-17,20.349409591977466,-0.6896809789077203,6.01763905894192,58.56366854172675,12.86404915788445,538.0237816811376,42.123474017722096,3.076587671010394,21.78419960916913,0.26156186736022846,12.393516621993044,0.0,0,0,0,0,0,0,0,0,0,0,0,0,0,0,0,0,0,0,0,0,0,0,365.0,16.0,453.27666666666664,7.260093310442071,hospital_Complejo Asistencial Universitario de León,provincia_Palencia
2025-11-18,23.68709785375502,17.375133699979358,5.28584490452581,63.62504711500197,15.566271593456824,533.7529950593216,39.40720844172562,6.60852211804567,8.691385834446177,6.282031874009468,10.497080245347501,25.647726604839434,0,0,0,0,0,0,0,0,0,0,0,0,0,0,0,0,0,0,0,0,0,0,365.0,16.0,455.31666666666666,-35.74486219498665,hospital_Complejo Asistencial Universitario de Salamanca,provincia_Burgos
2025-11-19,9.635295961467921,17.009687631512676,4.189311147485583,58.83768979267028,11.28648396018182,552.72253894914,40.622984038269024,4.281546008687276,14.707429713625952,10.313199787231408,7.806981109670531,2.1289085420462417,0,0,0,0,0,0,0,0,0,0,0,0,0,0,0,0,0,0,0,0,0,0,365.0,16.0,448.4766666666667,13.85027768281241,hospital_Hospital Universitario Río Hortega,provincia_Ávila
2025-11-20,15.531212147412171,11.658480321612863,0.0,78.57776357304613,18.396143829920327,542.3255636381574,41.269727491961255,4.503841340673164,24.364086704201704,6.201782134157219,12.962993690418747,12.403079433016758,0,0,0,0,0,0,0,0,0,0,0,0,0,0,0,0,0,0,0,0,0,0,365.0,16.0,463.3233333333333,-24.55435248106727,hospital_Hospital Santiago Apóstol,provincia_Palencia
2025-11-21,21.44671474699273,6.291436937253875,1.8450984588596402,74.14933766701537,2.0,542.0314529948974,41.39684023679667,5.042754596572088,23.060487952555494,5.354726010589822,7.027014618616926,6.104138703875633,0,0,0,0,0,0,0,0,0,0,0,0,0,0,0,0,0,0,0,0,0,0,365.0,16.0,437.89666666666665,2.3394054864599356,hospital_Hospital Santiago Apóstol,provincia_Ávila
2025-11-22,14.32535679031375,6.783704408174801,0.0,57.466192381930554,13.1116453487618,531.1151819620674,39.66443115608098,3.2768799870004286,0.0,0.0,19.56648992817352,14.523564246152485,0,0,0,0,0,0,0,0,0,0,0,0,0,0,0,0,0,0,0,0,0,0,365.0,16.0,449.2133333333333,-21.706515062255853,hospital_Hospital Santos Reyes,provincia_Salamanca
2025-11-23,17.126097759188408,12.092932947229972,2.8736638774393204,46.962712569674835,15.379071517115964,539.8776371306061,40.536372369315465,7.859849526357067,51.13814841195661,0.0,3.7249782246921637,13.397467082716798,0,0,0,0,0,0,0,0,0,0,0,0,0,0,0,0,0,0,0,0,0,0,365.0,16.0,475.3933333333333,7.205027980195021,hospital_Complejo Asistencial de Soria,provincia_Burgos
2025-11-24,13.543924220717214,2.6963275796118342,3.4318835894281365,49.259149570100625,22.236206910417717,531.7228870588663,40.688361105233426,4.573412010954476,22.990966112753323,8.016818026193118,5.935933500105337,6.615791832380251,0,0,0,0,0,0,0,0,0,0,0,0,0,0,0,0,0,0,0,0,0,0,365.0,16.0,455.56333333333333,-5.841178052842244,hospital_Hospital Universitario Río Hortega,provincia_León
2025-11-25,20.343575732923025,9.535684126111022,5.099693699334372,77.67772053726958,10.5087576141825,546.1658652281784,40.495795284053855,3.8544427410707427,0.0,4.806221567888551,15.281757256075622,19.62087682468244,0,0,0,0,0,0,0,0,0,0,0,0,0,0,0,0,0,0,0,0,0,0,365.0,16.0,455.59,-0.8210364668459205,hospital_Hospital El Bierzo,provincia_Burgos
2025-11-26,38.423138273917765,3.3031559291905745,9.021976243985542,65.02344219412545,10.7206460422898,537.9632094112661,40.59681231074546,7.838518580739743,20.017656366813906,5.6385291755858304,5.304547994799416,6.4708254362518405,0,0,0,0,0,0,0,0,0,0,0,0,0,0,0,0,0,0,0,0,0,0,365.0,16.0,435.11333333333334,-35.04194128980013,hospital_Hospital El Bierzo,provincia_Ávila
2025-11-27,18.04716235144079,7.2802079708560585,4.305291402758396,57.840028578658064,16.766988881103295,520.1878476360586,40.999299987690236,9.46338981788808,23.339356408189133,0.0,11.161963528693331,9.06109899757559,0,0,0,0,0,0,0,0,0,0,0,0,0,0,0,0,0,0,0,0,0,0,365.0,16.0,457.71666666666664,-47.564169829569046,hospital_Complejo Asistencial Universitario de Salamanca,provincia_Salamanca
2025-11-28,15.935775429513669,2.742095788998366,0.0,60.29546702231721,9.177032317446356,525.8205047139234,41.01325686789694,2.1142378148168124,28.293692744552267,5.076309166650557,4.071422525386412,6.2132024963374235,0,0,0,0,0,0,0,0,0,0,0,0,0,0,0,0,0,0,0,0,0,0,365.0,16.0,448.0233333333333,-18.105935850548896,hospital_Complejo Asistencial Universitario de Palencia,provincia_Burgos
2025-11-29,24.07770052511978,0.7752629844642884,0.29739427400082663,58.401608832253835,4.236787711694211,537.4676239964917,40.94342813494632,5.6851293947803265,6.878106335096433,0.0,4.311968770364572,15.830275322861304,0,0,0,0,0,0,0,0,0,0,0,0,0,0,0,0,0,0,0,0,0,0,365.0,16.0,429.4866666666667,-6.580212671310781,hospital_Complejo Asistencial de Ávila,provincia_Segovia
2025-11-30,26.266548636531475,6.122688534783684,0.0,46.68405748294589,16.760752740640722,532.5656538673031,39.89629019922287,0.0,35.15966316847073,3.963963405201538,5.483879591965993,9.342890622222319,0,0,0,0,0,0,0,0,0,0,0,0,0,0,0,0,0,0,0,0,0,0,365.0,16.0,467.93666666666667,-7.769574989879621,hospital_Hospital Clínico Universitario de Valladolid,provincia_Zamora
2025-12-01,25.625899044626706,10.348449564371757,3.76246451886649,66.06588915246957,20.74633916110551,555.235304285836,41.4909555586845,9.697370426766586,32.40764374094341,0.4786648597842813,10.596511278704401,0.0,0,0,0,0,0,0,0,0,0,0,0,0,0,0,0,0,0,0,0,0,0,0,365.0,16.0,469.9266666666667,18.184394594288612,hospital_Hospital El Bierzo,provincia_Ávila
2025-12-02,10.57021030196502,19.175251405369067,3.127566331667591,62.67126522129593,5.460259357568343,530.8732679310383,41.01418367830069,4.572596072351642,30.302585597380883,0.0,11.235487205666551,8.208921550929013,0,0,0,0,0,0,0,0,0,0,0,0,0,0,0,0,0,0,0,0,0,0,365.0,16.0,473.3,4.745938489075967,hospital_Complejo Asistencial de Segovia,provincia_Palencia
2025-12-03,16.412655606397706,5.613118421942547,4.494412294265459,44.26818045177369,21.84217204685261,543.2752528698039,41.48058279260991,4.400121801352839,0.0,5.699769320667532,5.6774975991035666,17.14934377229293,0,0,0,0,0,0,0,0,0,0,0,0,0,0,0,0,0,0,0,0,0,0,365.0,16.0,441.7266666666667,-17.65422317191282,hospital_Complejo Asistencial de Soria,provincia_Soria
2025-12-04,0.0,8.406604319896978,0.0,69.42764943502897,9.993920750613617,542.9100969991256,41.54663467156801,7.976842445831365,21.547968182820593,4.420534060408722,12.75644215971747,13.771816643015379,0,0,0,0,0,0,0,0,0,0,0,0,0,0,0,0,0,0,0,0,0,0,365.0,16.0,478.72333333333336,-9.349885938811468,hospital_Complejo Asistencial Universitario de Salamanca,provincia_Valladolid
2025-12-05,13.388856057905418,-0.5749160349583438,0.0,69.37787070653077,11.608672082895895,536.8789036646289,41.54766504968185,1.496047973168877,36.05927761176548,3.557939997455869,0.0,21.095005271246066,0,0,0,0,0,0,0,0,0,0,0,0,0,0,0,0,0,0,0,0,0,0,365.0,16.0,481.93666666666667,6.94654345518818,hospital_Hospital El Bierzo,provincia_Palencia
2025-12-06,22.169366645773824,14.586744919541042,0.0,50.01137917325126,7.651122131119528,548.4654136779649,43.083330136716754,9.88434813602563,9.45711469703971,0.0,9.027673760934166,14.014657364100154,0,0,0,0,0,0,0,0,0,0,0,0,0,0,0,0,0,0,0,0,0,0,365.0,16.0,451.68,47.45917965841741,hospital_Complejo Asistencial de Zamora,provincia_Segovia
2025-12-07,10.876690462053617,2.882330446119405,4.770800452569293,67.59987974199056,7.265587360300027,544.2214224795813,40.26709551808799,4.6693114766898125,33.768638986872574,3.002460181631591,5.305472968649974,10.531915498182126,0,0,0,0,0,0,0,0,0,0,0,0,0,0,0,0,0,0,0,0,0,0,365.0,16.0,471.81,-30.262995285243385,hospital_Complejo Asistencial de Ávila,provincia_Valladolid
2025-12-08,25.563906514783877,10.241493341497328,0.0,78.70910547015161,8.93822150397412,537.5160767385853,41.03965529069346,3.904442013424976,17.85946901491449,2.602846566586269,5.369534473480819,20.7803325987373,0,0,0,0,0,0,0,0,0,0,0,0,0,0,0,0,0,0,0,0,0,0,365.0,16.0,436.65,-1.394905823390736,hospital_Complejo Asistencial de Zamora,provincia_Valladolid
2025-12-09,11.069003182703206,16.82109729234367,0.26854199046451344,88.68297160259893,6.456543852832044,549.5045227473337,41.1287763051107,3.5676717072342146,0.0,9.049520565537797,27.18556738245614,13.027438810949956,0,0,0,0,0,0,0,0,0,0,0,0,0,0,0,0,0,0,0,0,0,0,365.0,16.0,472.3,11.535749003791409,hospital_Complejo Asistencial de Soria,provincia_Palencia
2025-12-10,15.714748070578995,1.3060215145308387,3.240773327731154,49.532370490172305,8.613303802518702,541.2249729122991,41.43821351217532,0.0,21.563114367502152,2.6965461750414152,20.35647058229931,15.31256849592054,0,0,0,0,0,0,0,0,0,0,0,0,0,0,0,0,0,0,0,0,0,0,365.0,16.0,478.04333333333335,-2.0308521562372763,hospital_Complejo Asistencial Universitario de Salamanca,provincia_León
2025-12-11,12.389868589709224,6.354125988297431,0.0,34.574588178910645,7.250786576444484,540.5821723886546,40.78306578160643,11.1833430688297,3.0239584505826365,5.990668390129251,12.399038933738487,9.421310101315258,0,0,0,0,0,0,0,0,0,0,0,0,0,0,0,0,0,0,0,0,0,0,365.0,16.0,454.4766666666667,-33.342291062238765,hospital_Complejo Asistencial Universitario de Salamanca,provincia_Burgos
2025-12-12,13.424262232019903,-6.508845572277286,3.1737522668238975,60.19330421437833,12.50158287669946,547.4665380085266,41.33045953164052,9.5902132816061,17.221982511807557,1.770509512267263,1.363025155883605,10.739337815199523,0,0,0,0,0,0,0,0,0,0,0,0,0,0,0,0,0,0,0,0,0,0,365.0,16.0,449.09,-29.309259289826215,hospital_Complejo Asistencial Universitario de Palencia,provincia_Zamora
2025-12-13,39.29416026609461,0.9746765270167703,6.771308631727703,48.933722742146195,10.490331693887972,547.9408925455936,40.38344603696668,8.853121468197902,0.0,4.008888140590332,8.46481881571398,15.277246517551012,0,0,0,0,0,0,0,0,0,0,0,0,0,0,0,0,0,0,0,0,0,0,365.0,16.0,448.8933333333333,-28.956422994550227,hospital_Hospital Santiago Apóstol,provincia_Burgos
2025-12-14,8.296156610651323,2.2502182163412554,1.3005088794226811,57.279340048914634,17.336990448847793,537.4293507895444,40.10541870685332,7.772735424496203,27.424652009480987,6.452277914336667,5.497502224193446,3.9500869506575143,0,0,0,0,0,0,0,0,0,0,0,0,0,0,0,0,0,0,0,0,0,0,365.0,16.0,470.4166666666667,-16.941225923361895,hospital_Complejo Asistencial Universitario de Palencia,provincia_Burgos
2025-12-15,26.028537051270057,12.678619004810756,0.0,94.79895524760902,6.0014683812845435,538.446242734497,41.455127564317685,0.0,5.220615877939073,1.7218093944710886,8.367054451989572,15.300922291956708,0,0,0,0,0,0,0,0,0,0,0,0,0,0,0,0,0,0,0,0,0,0,365.0,16.0,439.55333333333334,-22.287192786009623,hospital_Complejo Asistencial de Segovia,provincia_Palencia
2025-12-16,8.7999842863361,-1.740368151901155,0.0,80.666775498698,9.629937892393079,541.6326419889073,41.09373737262916,8.642205869413736,17.146775283608644,18.345823661225175,14.784684944595424,10.110618944588921,0,0,0,0,0,0,0,0,0,0,0,0,0,0,0,0,0,0,0,0,0,0,365.0,16.0,475.20666666666665,-3.722657123540948,hospital_Complejo Asistencial Universitario de Palencia,provincia_Salamanca
2025-12-17,11.376673260051536,10.690479127102673,4.298689942848605,57.63091934455849,10.036246286735778,534.8400119075019,40.879377421735846,6.59985216632851,17.15924319939803,5.137253778686242,16.850728488966865,19.141642162753964,0,0,0,0,0,0,0,0,0,0,0,0,0,0,0,0,0,0,0,0,0,0,365.0,16.0,483.78333333333336,-6.319648995624688,hospital_Complejo Asistencial Universitario de León,provincia_Burgos
2025-12-18,21.321781354454473,9.307145790886697,5.513488584690409,56.39465605839246,2.0,537.4958085673918,41.924721331173,9.652554521715622,21.293269874716913,6.75138063085413,10.47503693406171,6.592485280453666,0,0,0,0,0,0,0,0,0,0,0,0,0,0,0,0,0,0,0,0,0,0,365.0,16.0,456.27666666666664,3.608811603862305,hospital_Hospital Santiago Apóstol,provincia_Valladolid
2025-12-19,9.508699227925778,5.587134515773075,0.30658448195674204,64.50559110135099,11.938896799277732,531.500021604373,40.42492193875127,10.363382533049602,14.82434131200545,9.734704376954813,3.518001999674839,22.48832785002538,0,0,0,0,0,0,0,0,0,0,0,0,0,0,0,0,0,0,0,0,0,0,365.0,16.0,454.19,-23.350800139709207,hospital_Hospital Santos Reyes,provincia_Palencia
2025-12-20,16.880444405225138,14.085146767570862,6.047283870232546,66.67824473680629,11.643782859048558,541.0798828037184,41.20772034718096,2.3017164118177185,9.103376205283986,7.254486823663337,13.274305539326793,16.196386247329258,0,0,0,0,0,0,0,0,0,0,0,0,0,0,0,0,0,0,0,0,0,0,365.0,16.0,452.5966666666667,-46.49217943305073,hospital_Complejo Asistencial Universitario de Salamanca,provincia_Zamora
2025-12-21,11.301543117791862,4.608551251658369,2.0369218094365484,68.76393343048866,25.189587952288726,520.3527077139025,41.275283078574354,7.876370441963328,19.3740615957203,0.9583069403836619,0.0,13.598136739330643,0,0,0,0,0,0,0,0,0,0,0,0,0,0,0,0,0,0,0,0,0,0,365.0,16.0,442.79333333333335,-22.943480873725715,hospital_Complejo Asistencial de Ávila,provincia_Valladolid
2025-12-22,30.87870663211529,3.902817661906552,0.8763356265524228,48.87376127081697,9.79257069785068,542.1986378230026,41.452247077731116,7.3609608927028045,0.0,9.13839110463156,6.582300926944258,9.906933785482078,0,0,0,0,0,0,0,0,0,0,0,0,0,0,0,0,0,0,0,0,0,0,365.0,16.0,441.81666666666666,-30.588974925306726,hospital_Complejo Asistencial de Soria,provincia_Soria
2025-12-23,18.05299588333063,6.099841078097295,0.0,60.949170807522364,22.334221097405592,523.2794553697844,41.113563029343965,1.494449367242825,2.5066155254910925,5.517055065156615,1.4649483909388739,3.2770440333144535,0,0,0,0,0,0,0,0,0,0,0,0,0,0,0,0,0,0,0,0,0,0,365.0,16.0,416.29333333333335,-16.36080123533706,hospital_Complejo Asistencial Universitario de Palencia,provincia_Salamanca
2025-12-24,18.06143658820988,5.104398811825693,1.908231089545228,81.75814867987937,12.093931658680365,525.168854599646,40.862321882764086,7.254594770752169,18.964518659483357,9.103609245071528,11.5279332042994,15.378855188812153,0,0,0,0,0,0,0,0,0,0,0,0,0,0,0,0,0,0,0,0,0,0,365.0,16.0,458.58,7.7317326286202155,hospital_Complejo Asistencial Universitario de Palencia,provincia_Zamora
2025-12-25,18.72664455096564,0.32618027696398677,2.01942149770965,50.074733164889594,2.7517320037042463,543.7426285621361,41.27988652489888,10.739499044421077,11.981989328280735,13.265462123975103,2.4449052391280164,5.3703171700671595,0,0,0,0,0,0,0,0,0,0,0,0,0,0,0,0,0,0,0,0,0,0,365.0,16.0,436.06,15.318864590470342,hospital_Complejo Asistencial Universitario de Burgos,provincia_Salamanca
2025-12-26,13.225027212519775,14.211760734421464,0.0,72.63220746671222,15.890918154694562,521.4383911131538,41.08337614543809,5.659745049985974,3.041705158192201,11.831873248923177,16.91922166364492,14.287101499106987,0,0,0,0,0,0,0,0,0,0,0,0,0,0,0,0,0,0,0,0,0,0,365.0,16.0,455.8066666666667,57.71431941307718,hospital_Complejo Asistencial de Ávila,provincia_Segovia
2025-12-27,22.38820695158796,12.246763418940805,7.42494359328346,65.1429054931695,22.063915539770893,533.1860504540388,41.289610137518835,0.0,24.265541772166355,1.152207574238421,11.46128509509747,6.221208617364808,0,0,0,0,0,0,0,0,0,0,0,0,0,0,0,0,0,0,0,0,0,0,365.0,16.0,455.04,18.280408461569746,hospital_Hospital Santos Reyes,provincia_Segovia
2025-12-28,28.141258821016883,6.072489730282189,1.2669934130894949,61.28599827448919,15.963960533493134,514.0588286100299,40.51579409611433,0.0,10.13973254843333,2.6791444370365776,11.164930920784897,3.3836636934032285,0,0,0,0,0,0,0,0,0,0,0,0,0,0,0,0,0,0,0,0,0,0,365.0,16.0,424.4633333333333,19.167237914580838,hospital_Complejo Asistencial de Ávila,provincia_Zamora
2025-12-29,23.658713622094286,7.485903297777327,3.2751190314218297,61.53582950902792,2.0,530.2002666836561,41.71638983546047,4.9851259205074525,13.316610582222198,11.415516939745864,7.7604170824526735,14.475203622471938,0,0,0,0,0,0,0,0,0,0,0,0,0,0,0,0,0,0,0,0,0,0,365.0,16.0,439.31,32.35778243161055,hospital_Hospital Santiago Apóstol,provincia_Salamanca
2025-12-30,31.230019316346997,26.0,6.3274025305738855,72.73522065607659,12.419998671351742,541.4382564841477,41.06208540851784,4.28345599073039,27.995690404398104,2.4953484080589665,3.0144241333472657,8.232349636812227,0,0,0,0,0,0,0,0,0,0,0,0,0,0,0,0,0,0,0,0,0,0,365.0,16.0,457.0466666666667,-29.34300215727167,hospital_Hospital Universitario Río Hortega,provincia_Ávila
2025-12-31,13.89175144242809,19.305086318235773,3.0030436986970885,30.390438961703012,7.648285051182898,553.9783540378434,41.38153968606554,2.382223630662251,28.65405316295019,10.284249512297547,2.11757571598488,16.116360976714258,0,0,0,0,0,0,0,0,0,0,0,0,0,0,0,0,0,0,0,0,0,0,365.0,16.0,461.95,-72.65029717002072,hospital_Complejo Asistencial de Ávila,provincia_Palencia
